accountId,amount,ruleId,timestamp
2,900.00,R1,1790477099432
3,900.00,R1,1790477100131
2,900.00,R4,1790477099432
14,200.00,R3,1790477104702
3,900.00,R4,1790477100131
19,800.00,R1,1790477105655
21,800.00,R1,1790477106185
25,200.00,R3,1790477107583
28,900.00,R1,1790477108341
29,800.00,R1,1790477108770
33,800.00,R1,1790477109512
37,900.00,R1,1790477110355
47,800.00,R1,1790477113591
28,900.00,R4,1790477108341
11,6.96,R2,1790477102138
23,7.79,R2,1790477106711
5,7.10,R2,1790477100768
25,200.00,R2,1790477107583
10,8.69,R2,1790477101671
14,200.00,R2,1790477104702
37,900.00,R4,1790477110355
51,900.00,R1,1790477115944
53,800.00,R1,1790477116475
54,800.00,R1,1790477116892
55,800.00,R1,1790477117313
59,200.00,R3,1790477119881
60,900.00,R1,1790477120396
51,900.00,R4,1790477115944
72,800.00,R1,1790477122671
74,900.00,R1,1790477123311
77,900.00,R1,1790477124045
59,200.00,R2,1790477119881
42,11.97,R2,1790477111197
60,900.00,R4,1790477120396
83,900.00,R1,1790477126617
91,800.00,R1,1790477127793
74,900.00,R4,1790477123311
96,900.00,R1,1790477128765
77,900.00,R4,1790477124045
98,900.00,R1,1790477129398
83,900.00,R4,1790477126617
107,200.00,R3,1790477132612
110,800.00,R1,1790477133248
96,900.00,R4,1790477128765
98,900.00,R4,1790477129398
61,10.96,R2,1790477120786
63,12.79,R2,1790477121335
113,800.00,R1,1790477135423
114,900.00,R1,1790477135941
116,800.00,R1,1790477136470
122,800.00,R1,1790477138935
126,800.00,R1,1790477139696
129,800.00,R1,1790477140335
114,900.00,R4,1790477135941
107,200.00,R2,1790477132612
143,900.00,R1,1790477145345
145,900.00,R1,1790477145998
148,900.00,R1,1790477148235
143,900.00,R4,1790477145345
145,900.00,R4,1790477145998
148,900.00,R4,1790477148235
158,800.00,R1,1790477154942
162,800.00,R1,1790477157224
165,800.00,R1,1790477157859
168,900.00,R1,1790477158621
173,900.00,R1,1790477161088
175,800.00,R1,1790477161616
178,800.00,R1,1790477162268
183,800.00,R1,1790477163124
168,900.00,R4,1790477158621
189,900.00,R1,1790477164197
191,900.00,R1,1790477165031
157,6.46,R2,1790477154472
150,9.43,R2,1790477150349
192,900.00,R1,1790477165574
193,800.00,R1,1790477166081
173,900.00,R4,1790477161088
195,900.00,R1,1790477166804
192,900.00,R4,1790477165574
191,900.00,R4,1790477165031
189,900.00,R4,1790477164197
3,800.00,R1,1790477171329
5,800.00,R3,1790477173060
195,900.00,R4,1790477166804
10,61.68,R3,1790477175759
11,74.95,R3,1790477175867
13,800.00,R1,1790477176398
15,200.00,R3,1790477177240
23,65.88,R3,1790477178792
30,200.00,R3,1790477181706
32,800.00,R1,1790477182234
33,800.00,R1,1790477182654
36,200.00,R3,1790477183620
40,900.00,R1,1790477184458
40,900.00,R3,1790477184458
42,800.00,R1,1790477185000
42,800.00,R3,1790477185000
8,10.79,R2,1790477175177
2,8.14,R2,1790477170876
9,14.82,R2,1790477175616
22,12.75,R2,1790477178653
20,11.49,R2,1790477178065
15,200.00,R2,1790477177240
46,900.00,R1,1790477187358
46,900.00,R3,1790477187358
47,900.00,R1,1790477187868
48,800.00,R1,1790477188285
51,800.00,R1,1790477189002
52,800.00,R1,1790477189423
40,900.00,R4,1790477184458
54,800.00,R1,1790477189982
55,800.00,R1,1790477190400
59,900.00,R1,1790477191321
59,900.00,R3,1790477191321
46,900.00,R4,1790477187358
65,900.00,R1,1790477192785
65,900.00,R3,1790477192785
47,900.00,R4,1790477187868
67,900.00,R1,1790477194951
67,900.00,R3,1790477194951
36,200.00,R2,1790477183620
30,200.00,R2,1790477181706
68,800.00,R1,1790477195365
70,900.00,R1,1790477196016
70,900.00,R3,1790477196016
59,900.00,R4,1790477191321
71,900.00,R1,1790477196556
71,900.00,R3,1790477196556
65,900.00,R4,1790477192785
77,200.00,R3,1790477198155
83,900.00,R1,1790477199229
67,900.00,R4,1790477194951
70,900.00,R4,1790477196016
86,800.00,R1,1790477201374
71,900.00,R4,1790477196556
88,800.00,R1,1790477201913
91,800.00,R1,1790477204051
83,900.00,R4,1790477199229
76,14.97,R2,1790477197396
96,900.00,R1,1790477205059
63,14.48,R2,1790477192090
77,200.00,R2,1790477198155
107,800.00,R3,1790477211379
96,900.00,R4,1790477205059
109,900.00,R1,1790477212017
109,900.00,R3,1790477212017
110,200.00,R3,1790477212761
112,900.00,R1,1790477213395
112,900.00,R3,1790477213395
115,800.00,R1,1790477214030
119,800.00,R1,1790477214824
99,10.95,R2,1790477207305
125,200.00,R3,1790477216452
109,900.00,R4,1790477212017
127,200.00,R3,1790477217330
129,900.00,R1,1790477218008
112,900.00,R4,1790477213395
134,800.00,R1,1790477219206
135,800.00,R1,1790477219626
139,800.00,R1,1790477221894
140,800.00,R1,1790477222316
141,900.00,R1,1790477222848
141,900.00,R3,1790477222848
129,900.00,R4,1790477218008
149,200.00,R3,1790477224367
150,66.09,R3,1790477224477
123,14.12,R2,1790477215582
151,200.00,R3,1790477225241
127,200.00,R2,1790477217330
131,10.84,R2,1790477218523
125,200.00,R2,1790477216452
110,200.00,R2,1790477212761
153,800.00,R1,1790477225816
155,200.00,R3,1790477226660
159,800.00,R1,1790477227415
141,900.00,R4,1790477222848
162,800.00,R1,1790477229553
164,900.00,R1,1790477230202
164,900.00,R3,1790477230202
170,900.00,R1,1790477234287
173,900.00,R1,1790477235017
151,200.00,R2,1790477225241
155,200.00,R2,1790477226660
149,200.00,R2,1790477224367
164,900.00,R4,1790477230202
170,900.00,R4,1790477234287
178,200.00,R3,1790477240157
173,900.00,R4,1790477235017
182,800.00,R1,1790477240973
186,800.00,R1,1790477241736
188,800.00,R1,1790477243778
191,800.00,R1,1790477244412
178,8.77,R2,1790477239995
193,800.00,R1,1790477246465
195,900.00,R1,1790477247130
1,800.00,R1,1790477249617
2,101.92,R3,1790477249732
4,800.00,R1,1790477250273
4,800.00,R3,1790477250273
5,800.00,R3,1790477251907
195,900.00,R4,1790477247130
7,800.00,R3,1790477255183
8,800.00,R3,1790477256805
9,82.73,R3,1790477256912
10,84.23,R3,1790477257022
11,800.00,R3,1790477258650
18,800.00,R1,1790477260070
18,800.00,R3,1790477260070
19,200.00,R3,1790477260801
20,58.13,R3,1790477260910
21,900.00,R1,1790477261440
21,900.00,R3,1790477261440
22,800.00,R1,1790477261857
22,800.00,R3,1790477261857
24,900.00,R1,1790477262498
24,900.00,R3,1790477262498
26,800.00,R1,1790477263022
26,800.00,R3,1790477263022
27,900.00,R1,1790477263549
27,900.00,R3,1790477263549
12,14.11,R2,1790477259068
29,800.00,R1,1790477265581
32,900.00,R1,1790477266312
32,900.00,R3,1790477266312
21,900.00,R4,1790477261440
36,900.00,R1,1790477267182
36,900.00,R3,1790477267182
24,900.00,R4,1790477262498
39,200.00,R3,1790477268127
40,900.00,R1,1790477268641
40,900.00,R3,1790477268641
27,900.00,R4,1790477263549
42,900.00,R1,1790477269309
42,900.00,R3,1790477269309
44,200.00,R3,1790477270175
45,800.00,R1,1790477270593
46,800.00,R1,1790477271018
36,900.00,R4,1790477267182
32,900.00,R4,1790477266312
40,900.00,R4,1790477268641
42,900.00,R4,1790477269309
50,200.00,R3,1790477275085
19,200.00,R2,1790477260801
39,200.00,R2,1790477268127
44,9.74,R2,1790477269988
57,800.00,R1,1790477279702
57,800.00,R3,1790477279702
58,900.00,R1,1790477280216
58,900.00,R3,1790477280216
61,102.10,R3,1790477280561
62,200.00,R3,1790477281303
63,800.00,R3,1790477282917
67,900.00,R1,1790477283757
67,900.00,R3,1790477283757
68,200.00,R3,1790477284552
58,900.00,R4,1790477280216
50,200.00,R2,1790477275085
52,6.83,R2,1790477277225
67,900.00,R4,1790477283757
77,800.00,R1,1790477289351
77,800.00,R3,1790477289351
80,900.00,R1,1790477290076
80,900.00,R3,1790477290076
82,800.00,R3,1790477291808
84,800.00,R1,1790477292333
84,800.00,R3,1790477292333
88,800.00,R1,1790477293079
89,800.00,R1,1790477293500
89,800.00,R3,1790477293500
90,800.00,R1,1790477293921
91,900.00,R1,1790477294454
93,800.00,R3,1790477296193
76,14.39,R2,1790477288902
62,200.00,R2,1790477281303
80,900.00,R4,1790477290076
68,200.00,R2,1790477284552
94,800.00,R1,1790477296617
94,800.00,R3,1790477296617
97,200.00,R3,1790477297579
98,800.00,R1,1790477297997
102,200.00,R3,1790477299113
91,900.00,R4,1790477294454
103,900.00,R1,1790477299674
103,900.00,R3,1790477299674
104,800.00,R1,1790477300122
104,800.00,R3,1790477300122
110,800.00,R3,1790477302279
103,900.00,R4,1790477299674
97,200.00,R2,1790477297579
102,200.00,R2,1790477299113
118,800.00,R1,1790477306527
118,800.00,R3,1790477306527
119,800.00,R1,1790477306946
120,900.00,R1,1790477307458
120,900.00,R3,1790477307458
121,800.00,R1,1790477307893
123,800.00,R3,1790477309617
124,900.00,R1,1790477310158
124,900.00,R3,1790477310158
126,800.00,R1,1790477310811
127,200.00,R3,1790477311539
129,800.00,R1,1790477312067
120,900.00,R4,1790477307458
132,900.00,R1,1790477312806
132,900.00,R3,1790477312806
133,800.00,R1,1790477313244
135,900.00,R1,1790477313857
135,900.00,R3,1790477313857
136,800.00,R1,1790477314273
136,800.00,R3,1790477314273
124,900.00,R4,1790477310158
141,900.00,R1,1790477317133
141,900.00,R3,1790477317133
142,900.00,R1,1790477317645
142,900.00,R3,1790477317645
135,900.00,R4,1790477313857
132,900.00,R4,1790477312806
144,800.00,R1,1790477319684
144,800.00,R3,1790477319684
153,900.00,R1,1790477321130
157,800.00,R1,1790477322268
157,800.00,R3,1790477322268
141,900.00,R4,1790477317133
142,900.00,R4,1790477317645
158,200.00,R3,1790477323056
137,6.27,R2,1790477314747
127,200.00,R2,1790477311539
153,900.00,R4,1790477321130
171,800.00,R1,1790477328881
171,800.00,R3,1790477328881
173,900.00,R1,1790477329505
174,800.00,R1,1790477329924
178,900.00,R1,1790477330778
178,900.00,R3,1790477330778
179,800.00,R1,1790477331195
179,800.00,R3,1790477331195
180,800.00,R3,1790477332817
181,800.00,R1,1790477333246
181,800.00,R3,1790477333246
173,900.00,R4,1790477329505
191,800.00,R1,1790477335131
158,200.00,R2,1790477323056
159,13.06,R2,1790477323558
161,11.56,R2,1790477325623
154,10.41,R2,1790477321603
166,6.43,R2,1790477326479
178,900.00,R4,1790477330778
200,800.00,R1,1790477337999
200,800.00,R3,1790477337999
8,900.00,R1,1790477339305
8,900.00,R3,1790477339305
13,800.00,R1,1790477340155
16,800.00,R1,1790477340830
16,800.00,R3,1790477340830
17,200.00,R3,1790477341573
19,200.00,R3,1790477342407
20,87.06,R3,1790477342515
8,900.00,R4,1790477339305
22,200.00,R3,1790477344864
184,9.46,R2,1790477333953
26,900.00,R1,1790477345717
26,900.00,R3,1790477345717
28,800.00,R1,1790477347780
30,800.00,R3,1790477349895
32,800.00,R1,1790477350491
26,900.00,R4,1790477345717
34,200.00,R3,1790477351330
36,800.00,R1,1790477352297
36,800.00,R3,1790477352297
37,900.00,R1,1790477352842
37,900.00,R3,1790477352842
43,800.00,R1,1790477353789
44,800.00,R1,1790477354207
44,800.00,R3,1790477354207
19,200.00,R2,1790477342407
22,200.00,R2,1790477344864
29,10.57,R2,1790477348202
17,200.00,R2,1790477341573
50,800.00,R1,1790477355533
50,800.00,R3,1790477355533
37,900.00,R4,1790477352842
57,200.00,R3,1790477358430
59,800.00,R1,1790477358980
59,800.00,R3,1790477358980
61,800.00,R3,1790477360737
67,900.00,R1,1790477363329
49,6.98,R2,1790477355048
35,8.92,R2,1790477351846
57,200.00,R2,1790477358430
34,200.00,R2,1790477351330
76,89.53,R3,1790477366239
77,800.00,R3,1790477367856
67,900.00,R4,1790477363329
79,200.00,R3,1790477368698
85,900.00,R1,1790477371668
85,900.00,R3,1790477371668
86,900.00,R1,1790477372180
86,900.00,R3,1790477372180
79,200.00,R2,1790477368698
80,11.30,R2,1790477369166
71,9.76,R2,1790477365664
96,200.00,R3,1790477375423
97,900.00,R1,1790477375938
97,900.00,R3,1790477375938
85,900.00,R4,1790477371668
99,900.00,R1,1790477376916
99,900.00,R3,1790477376916
86,900.00,R4,1790477372180
101,800.00,R1,1790477378953
101,800.00,R3,1790477378953
102,800.00,R1,1790477379383
102,800.00,R3,1790477379383
103,200.00,R3,1790477380165
107,900.00,R1,1790477381026
107,900.00,R3,1790477381026
97,900.00,R4,1790477375938
113,900.00,R1,1790477382110
113,900.00,R3,1790477382110
99,900.00,R4,1790477376916
118,800.00,R1,1790477383011
119,900.00,R1,1790477383558
98,14.49,R2,1790477376373
103,8.29,R2,1790477379987
125,800.00,R3,1790477385849
96,200.00,R2,1790477375423
107,900.00,R4,1790477381026
113,900.00,R4,1790477382110
128,800.00,R3,1790477387714
130,800.00,R1,1790477388329
130,800.00,R3,1790477388329
119,900.00,R4,1790477383558
131,800.00,R1,1790477388803
131,800.00,R3,1790477388803
132,200.00,R3,1790477389773
137,63.53,R3,1790477390717
145,900.00,R1,1790477395040
145,900.00,R3,1790477395040
132,200.00,R2,1790477389773
150,800.00,R1,1790477395927
150,800.00,R3,1790477395927
151,800.00,R1,1790477396350
151,800.00,R3,1790477396350
152,800.00,R1,1790477396766
152,800.00,R3,1790477396766
154,102.14,R3,1790477396989
155,900.00,R1,1790477397553
155,900.00,R3,1790477397553
156,900.00,R1,1790477398064
156,900.00,R3,1790477398064
159,92.09,R3,1790477398407
160,900.00,R1,1790477398944
161,88.00,R3,1790477399060
164,800.00,R1,1790477399687
166,78.49,R3,1790477399904
145,900.00,R4,1790477395040
168,800.00,R1,1790477400471
169,800.00,R1,1790477400883
169,800.00,R3,1790477400883
170,900.00,R1,1790477401411
172,800.00,R1,1790477401940
172,800.00,R3,1790477401940
174,800.00,R1,1790477402462
155,900.00,R4,1790477397553
176,800.00,R1,1790477403010
176,800.00,R3,1790477403010
156,900.00,R4,1790477398064
177,800.00,R1,1790477403428
177,800.00,R3,1790477403428
179,900.00,R1,1790477404055
179,900.00,R3,1790477404055
160,900.00,R4,1790477398944
181,900.00,R1,1790477404706
181,900.00,R3,1790477404706
136,6.32,R2,1790477390577
170,900.00,R4,1790477401411
179,900.00,R4,1790477404055
189,800.00,R1,1790477409544
181,900.00,R4,1790477404706
192,900.00,R1,1790477411818
196,800.00,R3,1790477413752
197,200.00,R3,1790477414482
198,900.00,R1,1790477414999
184,9.66,R2,1790477405500
1,200.00,R3,1790477416491
192,900.00,R4,1790477411818
2,900.00,R1,1790477417063
2,900.00,R3,1790477417063
5,800.00,R1,1790477419351
198,900.00,R4,1790477414999
10,800.00,R3,1790477421997
2,900.00,R4,1790477417063
11,900.00,R1,1790477422553
11,900.00,R3,1790477422553
12,900.00,R1,1790477423109
12,900.00,R3,1790477423109
197,200.00,R2,1790477414482
6,13.25,R2,1790477419899
1,200.00,R2,1790477416491
200,12.81,R2,1790477415611
17,800.00,R1,1790477425566
17,800.00,R3,1790477425566
20,800.00,R1,1790477426222
20,800.00,R3,1790477426222
11,900.00,R4,1790477422553
22,800.00,R3,1790477429464
12,900.00,R4,1790477423109
26,200.00,R3,1790477430532
31,800.00,R1,1790477432894
31,800.00,R3,1790477432894
32,800.00,R1,1790477433312
33,200.00,R3,1790477434037
36,800.00,R1,1790477434679
40,200.00,R3,1790477436058
41,800.00,R1,1790477436478
41,800.00,R3,1790477436478
42,900.00,R1,1790477436996
44,800.00,R1,1790477437526
44,800.00,R3,1790477437526
46,900.00,R1,1790477439653
49,61.14,R3,1790477439976
51,900.00,R1,1790477440733
52,76.19,R3,1790477440852
54,200.00,R3,1790477441695
42,900.00,R4,1790477436996
58,900.00,R1,1790477444414
58,900.00,R3,1790477444414
46,900.00,R4,1790477439653
59,900.00,R1,1790477444939
26,200.00,R2,1790477430532
51,900.00,R4,1790477440733
57,13.38,R2,1790477443864
59,900.00,R4,1790477444939
38,8.54,R2,1790477435187
33,200.00,R2,1790477434037
40,200.00,R2,1790477436058
54,200.00,R2,1790477441695
58,900.00,R4,1790477444414
