accountId,amount,tag,timestamp,expectedLabel
1,73.32,NORMAL,1790477097601,0
2,0.40,FRAUD_R4_STEP1,1790477097989,1
2,0.60,FRAUD_R4_STEP2,1790477098550,1
2,900.00,FRAUD_R4_LARGE,1790477099432,1
3,0.40,FRAUD_R4_STEP1,1790477099680,1
3,0.60,FRAUD_R4_STEP2,1790477099908,1
3,900.00,FRAUD_R4_LARGE,1790477100131,1
4,95.34,NORMAL,1790477100249,0
5,7.76,FRAUD_HIGHFREQ,1790477100364,1
5,9.64,FRAUD_HIGHFREQ,1790477100396,1
5,12.83,FRAUD_HIGHFREQ,1790477100444,1
5,14.19,FRAUD_HIGHFREQ,1790477100488,1
5,9.36,FRAUD_HIGHFREQ,1790477100539,1
5,12.50,FRAUD_HIGHFREQ,1790477100585,1
5,8.87,FRAUD_HIGHFREQ,1790477100634,1
5,6.77,FRAUD_HIGHFREQ,1790477100678,1
5,10.94,FRAUD_HIGHFREQ,1790477100725,1
5,7.10,FRAUD_HIGHFREQ,1790477100768,1
6,22.22,NORMAL,1790477100942,0
7,80.13,NORMAL,1790477101047,0
8,63.00,NORMAL,1790477101155,0
9,8.14,NORMAL,1790477101265,0
10,13.18,FRAUD_HIGHFREQ,1790477101375,1
10,9.18,FRAUD_HIGHFREQ,1790477101420,1
10,14.74,FRAUD_HIGHFREQ,1790477101451,1
10,12.13,FRAUD_HIGHFREQ,1790477101483,1
10,9.81,FRAUD_HIGHFREQ,1790477101515,1
10,7.92,FRAUD_HIGHFREQ,1790477101546,1
10,14.50,FRAUD_HIGHFREQ,1790477101576,1
10,13.20,FRAUD_HIGHFREQ,1790477101607,1
10,11.37,FRAUD_HIGHFREQ,1790477101639,1
10,8.69,FRAUD_HIGHFREQ,1790477101671,1
11,9.35,FRAUD_HIGHFREQ,1790477101825,1
11,9.57,FRAUD_HIGHFREQ,1790477101855,1
11,9.73,FRAUD_HIGHFREQ,1790477101887,1
11,9.69,FRAUD_HIGHFREQ,1790477101932,1
11,13.27,FRAUD_HIGHFREQ,1790477101963,1
11,6.51,FRAUD_HIGHFREQ,1790477101996,1
11,13.34,FRAUD_HIGHFREQ,1790477102028,1
11,9.60,FRAUD_HIGHFREQ,1790477102073,1
11,7.81,FRAUD_HIGHFREQ,1790477102105,1
11,6.96,FRAUD_HIGHFREQ,1790477102138,1
12,0.50,NOISE_SMALL,1790477102291,0
12,800.00,NOISE_LARGE,1790477103795,0
13,53.66,NORMAL,1790477103906,0
14,10.53,NORMAL,1790477104016,0
14,10.80,NORMAL,1790477104074,0
14,9.26,NORMAL,1790477104136,0
14,10.29,NORMAL,1790477104206,0
14,9.48,NORMAL,1790477104262,0
14,11.49,NORMAL,1790477104322,0
14,11.22,NORMAL,1790477104383,0
14,10.46,NORMAL,1790477104446,0
14,9.50,NORMAL,1790477104508,0
14,10.79,NORMAL,1790477104574,0
14,200.00,FRAUD_DEVIATION,1790477104702,1
15,24.61,NORMAL,1790477104887,0
16,67.79,NORMAL,1790477105006,0
17,24.17,LATE_NORMAL,1790477103115,0
18,68.51,NORMAL,1790477105232,0
19,0.50,FRAUD_SMALL,1790477105347,1
19,800.00,FRAUD_LARGE,1790477105655,1
20,15.82,LATE_NORMAL,1790477103764,0
21,0.50,FRAUD_SMALL,1790477105871,1
21,800.00,FRAUD_LARGE,1790477106185,1
22,34.65,LATE_NORMAL,1790477104298,0
23,14.40,FRAUD_HIGHFREQ,1790477106411,1
23,8.85,FRAUD_HIGHFREQ,1790477106452,1
23,11.46,FRAUD_HIGHFREQ,1790477106495,1
23,12.70,FRAUD_HIGHFREQ,1790477106526,1
23,13.94,FRAUD_HIGHFREQ,1790477106556,1
23,10.99,FRAUD_HIGHFREQ,1790477106587,1
23,14.76,FRAUD_HIGHFREQ,1790477106618,1
23,5.77,FRAUD_HIGHFREQ,1790477106649,1
23,12.75,FRAUD_HIGHFREQ,1790477106680,1
23,7.79,FRAUD_HIGHFREQ,1790477106711,1
24,42.38,NORMAL,1790477106850,0
25,9.33,NORMAL,1790477106958,0
25,9.26,NORMAL,1790477107021,0
25,9.77,NORMAL,1790477107083,0
25,8.39,NORMAL,1790477107145,0
25,10.98,NORMAL,1790477107207,0
25,8.68,NORMAL,1790477107273,0
25,11.22,NORMAL,1790477107335,0
25,8.56,NORMAL,1790477107396,0
25,8.37,NORMAL,1790477107459,0
25,8.11,NORMAL,1790477107521,0
25,200.00,FRAUD_DEVIATION,1790477107583,1
26,33.22,NORMAL,1790477107700,0
27,95.45,NORMAL,1790477107816,0
28,0.40,FRAUD_R4_STEP1,1790477107930,1
28,0.60,FRAUD_R4_STEP2,1790477108141,1
28,900.00,FRAUD_R4_LARGE,1790477108341,1
29,0.50,FRAUD_SMALL,1790477108453,1
29,800.00,FRAUD_LARGE,1790477108770,1
30,57.15,NORMAL,1790477108875,0
31,63.35,NORMAL,1790477108983,0
32,60.64,NORMAL,1790477109093,0
33,0.50,FRAUD_SMALL,1790477109202,1
33,800.00,FRAUD_LARGE,1790477109512,1
34,94.51,NORMAL,1790477109621,0
35,43.26,NORMAL,1790477109731,0
36,88.37,NORMAL,1790477109841,0
37,0.40,FRAUD_R4_STEP1,1790477109950,1
37,0.60,FRAUD_R4_STEP2,1790477110154,1
37,900.00,FRAUD_R4_LARGE,1790477110355,1
38,44.75,NORMAL,1790477110467,0
39,30.82,NORMAL,1790477110573,0
40,70.92,NORMAL,1790477110683,0
41,53.82,NORMAL,1790477110791,0
42,12.38,FRAUD_HIGHFREQ,1790477110901,1
42,13.55,FRAUD_HIGHFREQ,1790477110931,1
42,8.40,FRAUD_HIGHFREQ,1790477110963,1
42,12.58,FRAUD_HIGHFREQ,1790477110994,1
42,12.26,FRAUD_HIGHFREQ,1790477111029,1
42,10.09,FRAUD_HIGHFREQ,1790477111071,1
42,12.75,FRAUD_HIGHFREQ,1790477111103,1
42,8.76,FRAUD_HIGHFREQ,1790477111134,1
42,13.63,FRAUD_HIGHFREQ,1790477111165,1
42,11.97,FRAUD_HIGHFREQ,1790477111197,1
43,0.50,NOISE_SMALL,1790477111338,0
43,800.00,NOISE_LARGE,1790477112842,0
44,77.54,NORMAL,1790477112949,0
45,87.32,NORMAL,1790477113058,0
46,103.50,NORMAL,1790477113169,0
47,0.50,FRAUD_SMALL,1790477113277,1
47,800.00,FRAUD_LARGE,1790477113591,1
48,59.29,NORMAL,1790477113700,0
49,0.50,NOISE_SMALL,1790477113809,0
49,800.00,NOISE_LARGE,1790477115321,0
50,59.90,NORMAL,1790477115429,0
51,0.40,FRAUD_R4_STEP1,1790477115538,1
51,0.60,FRAUD_R4_STEP2,1790477115741,1
51,900.00,FRAUD_R4_LARGE,1790477115944,1
52,43.78,NORMAL,1790477116052,0
53,0.50,FRAUD_SMALL,1790477116163,1
53,800.00,FRAUD_LARGE,1790477116475,1
54,0.50,FRAUD_SMALL,1790477116584,1
54,800.00,FRAUD_LARGE,1790477116892,1
55,0.50,FRAUD_SMALL,1790477117001,1
55,800.00,FRAUD_LARGE,1790477117313,1
56,0.50,NOISE_SMALL,1790477117423,0
56,800.00,NOISE_LARGE,1790477118935,0
57,46.89,NORMAL,1790477119042,0
58,38.65,NORMAL,1790477119149,0
59,8.21,NORMAL,1790477119257,0
59,10.41,NORMAL,1790477119320,0
59,8.66,NORMAL,1790477119382,0
59,9.93,NORMAL,1790477119444,0
59,10.29,NORMAL,1790477119507,0
59,10.07,NORMAL,1790477119569,0
59,10.84,NORMAL,1790477119632,0
59,10.71,NORMAL,1790477119693,0
59,11.40,NORMAL,1790477119755,0
59,11.14,NORMAL,1790477119818,0
59,200.00,FRAUD_DEVIATION,1790477119881,1
60,0.40,FRAUD_R4_STEP1,1790477119989,1
60,0.60,FRAUD_R4_STEP2,1790477120192,1
60,900.00,FRAUD_R4_LARGE,1790477120396,1
61,10.05,FRAUD_HIGHFREQ,1790477120505,1
61,7.84,FRAUD_HIGHFREQ,1790477120537,1
61,14.75,FRAUD_HIGHFREQ,1790477120570,1
61,10.72,FRAUD_HIGHFREQ,1790477120600,1
61,6.23,FRAUD_HIGHFREQ,1790477120631,1
61,9.35,FRAUD_HIGHFREQ,1790477120661,1
61,10.49,FRAUD_HIGHFREQ,1790477120692,1
61,10.77,FRAUD_HIGHFREQ,1790477120723,1
61,12.28,FRAUD_HIGHFREQ,1790477120754,1
61,10.96,FRAUD_HIGHFREQ,1790477120786,1
62,93.38,NORMAL,1790477120925,0
63,11.46,FRAUD_HIGHFREQ,1790477121034,1
63,13.40,FRAUD_HIGHFREQ,1790477121065,1
63,5.97,FRAUD_HIGHFREQ,1790477121097,1
63,14.13,FRAUD_HIGHFREQ,1790477121127,1
63,11.13,FRAUD_HIGHFREQ,1790477121159,1
63,10.86,FRAUD_HIGHFREQ,1790477121190,1
63,6.61,FRAUD_HIGHFREQ,1790477121236,1
63,15.00,FRAUD_HIGHFREQ,1790477121266,1
63,10.89,FRAUD_HIGHFREQ,1790477121298,1
63,12.79,FRAUD_HIGHFREQ,1790477121335,1
64,12.47,NORMAL,1790477121487,0
65,20.28,LATE_NORMAL,1790477119595,0
66,35.67,LATE_NORMAL,1790477119704,0
67,40.89,NORMAL,1790477121814,0
68,81.71,NORMAL,1790477121924,0
69,22.70,NORMAL,1790477122033,0
70,59.72,NORMAL,1790477122144,0
71,25.17,LATE_NORMAL,1790477120248,0
72,0.50,FRAUD_SMALL,1790477122357,1
72,800.00,FRAUD_LARGE,1790477122671,1
73,75.50,NORMAL,1790477122781,0
74,0.40,FRAUD_R4_STEP1,1790477122891,1
74,0.60,FRAUD_R4_STEP2,1790477123096,1
74,900.00,FRAUD_R4_LARGE,1790477123311,1
75,61.58,NORMAL,1790477123419,0
76,58.53,NORMAL,1790477123528,0
77,0.40,FRAUD_R4_STEP1,1790477123636,1
77,0.60,FRAUD_R4_STEP2,1790477123841,1
77,900.00,FRAUD_R4_LARGE,1790477124045,1
78,0.50,NOISE_SMALL,1790477124153,0
78,800.00,NOISE_LARGE,1790477125665,0
79,44.32,NORMAL,1790477125773,0
80,23.04,LATE_NORMAL,1790477123880,0
81,27.43,LATE_NORMAL,1790477123993,0
82,21.08,NORMAL,1790477126101,0
83,0.40,FRAUD_R4_STEP1,1790477126207,1
83,0.60,FRAUD_R4_STEP2,1790477126410,1
83,900.00,FRAUD_R4_LARGE,1790477126617,1
84,29.76,NORMAL,1790477126722,0
85,38.98,NORMAL,1790477126832,0
86,86.35,NORMAL,1790477126940,0
87,55.86,NORMAL,1790477127046,0
88,31.70,NORMAL,1790477127156,0
89,99.47,NORMAL,1790477127264,0
90,79.55,NORMAL,1790477127374,0
91,0.50,FRAUD_SMALL,1790477127479,1
91,800.00,FRAUD_LARGE,1790477127793,1
92,19.24,NORMAL,1790477127899,0
93,11.64,NORMAL,1790477128007,0
94,72.55,NORMAL,1790477128115,0
95,53.05,NORMAL,1790477128224,0
96,0.40,FRAUD_R4_STEP1,1790477128330,1
96,0.60,FRAUD_R4_STEP2,1790477128552,1
96,900.00,FRAUD_R4_LARGE,1790477128765,1
97,83.65,NORMAL,1790477128875,0
98,0.40,FRAUD_R4_STEP1,1790477128986,1
98,0.60,FRAUD_R4_STEP2,1790477129197,1
98,900.00,FRAUD_R4_LARGE,1790477129398,1
99,47.20,NORMAL,1790477129507,0
100,99.43,NORMAL,1790477129628,0
101,87.09,NORMAL,1790477129759,0
102,39.48,NORMAL,1790477129879,0
103,47.07,NORMAL,1790477130016,0
104,98.29,NORMAL,1790477130128,0
105,67.29,NORMAL,1790477130236,0
106,0.50,NOISE_SMALL,1790477130346,0
106,800.00,NOISE_LARGE,1790477131850,0
107,8.23,NORMAL,1790477131964,0
107,9.57,NORMAL,1790477132020,0
107,8.28,NORMAL,1790477132083,0
107,8.40,NORMAL,1790477132166,0
107,11.67,NORMAL,1790477132225,0
107,8.81,NORMAL,1790477132298,0
107,10.25,NORMAL,1790477132362,0
107,10.25,NORMAL,1790477132426,0
107,8.32,NORMAL,1790477132488,0
107,9.67,NORMAL,1790477132550,0
107,200.00,FRAUD_DEVIATION,1790477132612,1
108,15.03,NORMAL,1790477132722,0
109,97.04,NORMAL,1790477132831,0
110,0.50,FRAUD_SMALL,1790477132940,1
110,800.00,FRAUD_LARGE,1790477133248,1
111,0.50,NOISE_SMALL,1790477133387,0
111,800.00,NOISE_LARGE,1790477134891,0
112,79.15,NORMAL,1790477134999,0
113,0.50,FRAUD_SMALL,1790477135108,1
113,800.00,FRAUD_LARGE,1790477135423,1
114,0.40,FRAUD_R4_STEP1,1790477135533,1
114,0.60,FRAUD_R4_STEP2,1790477135741,1
114,900.00,FRAUD_R4_LARGE,1790477135941,1
115,77.76,NORMAL,1790477136050,0
116,0.50,FRAUD_SMALL,1790477136158,1
116,800.00,FRAUD_LARGE,1790477136470,1
117,43.46,NORMAL,1790477136578,0
118,56.14,NORMAL,1790477136687,0
119,103.85,NORMAL,1790477136794,0
120,6.22,NORMAL,1790477136902,0
121,0.50,NOISE_SMALL,1790477137013,0
121,800.00,NOISE_LARGE,1790477138518,0
122,0.50,FRAUD_SMALL,1790477138626,1
122,800.00,FRAUD_LARGE,1790477138935,1
123,73.96,NORMAL,1790477139043,0
124,45.97,NORMAL,1790477139161,0
125,98.29,NORMAL,1790477139277,0
126,0.50,FRAUD_SMALL,1790477139387,1
126,800.00,FRAUD_LARGE,1790477139696,1
127,19.44,LATE_NORMAL,1790477137809,0
128,31.85,NORMAL,1790477139914,0
129,0.50,FRAUD_SMALL,1790477140023,1
129,800.00,FRAUD_LARGE,1790477140335,1
130,58.15,NORMAL,1790477140444,0
131,7.36,NORMAL,1790477140556,0
132,24.28,LATE_NORMAL,1790477138669,0
133,0.50,NOISE_SMALL,1790477140775,0
133,800.00,NOISE_LARGE,1790477142276,0
134,51.17,NORMAL,1790477142386,0
135,62.25,NORMAL,1790477142493,0
136,75.82,NORMAL,1790477142619,0
137,56.93,NORMAL,1790477142738,0
138,29.84,NORMAL,1790477142870,0
139,0.50,NOISE_SMALL,1790477142972,0
139,800.00,NOISE_LARGE,1790477144474,0
140,67.25,NORMAL,1790477144582,0
141,59.52,NORMAL,1790477144700,0
142,18.88,NORMAL,1790477144814,0
143,0.40,FRAUD_R4_STEP1,1790477144926,1
143,0.60,FRAUD_R4_STEP2,1790477145142,1
143,900.00,FRAUD_R4_LARGE,1790477145345,1
144,71.46,NORMAL,1790477145469,0
145,0.40,FRAUD_R4_STEP1,1790477145578,1
145,0.60,FRAUD_R4_STEP2,1790477145795,1
145,900.00,FRAUD_R4_LARGE,1790477145998,1
146,0.50,NOISE_SMALL,1790477146106,0
146,800.00,NOISE_LARGE,1790477147616,0
147,69.93,NORMAL,1790477147724,0
148,0.40,FRAUD_R4_STEP1,1790477147830,1
148,0.60,FRAUD_R4_STEP2,1790477148031,1
148,900.00,FRAUD_R4_LARGE,1790477148235,1
149,0.50,NOISE_SMALL,1790477148344,0
149,800.00,NOISE_LARGE,1790477149855,0
150,11.50,FRAUD_HIGHFREQ,1790477149969,1
150,11.72,FRAUD_HIGHFREQ,1790477150034,1
150,11.04,FRAUD_HIGHFREQ,1790477150101,1
150,7.17,FRAUD_HIGHFREQ,1790477150151,1
150,12.48,FRAUD_HIGHFREQ,1790477150195,1
150,11.57,FRAUD_HIGHFREQ,1790477150226,1
150,6.97,FRAUD_HIGHFREQ,1790477150257,1
150,5.06,FRAUD_HIGHFREQ,1790477150288,1
150,6.89,FRAUD_HIGHFREQ,1790477150318,1
150,9.43,FRAUD_HIGHFREQ,1790477150349,1
151,0.50,NOISE_SMALL,1790477150495,0
151,800.00,NOISE_LARGE,1790477152001,0
152,19.46,NORMAL,1790477152111,0
153,0.50,NOISE_SMALL,1790477152235,0
153,800.00,NOISE_LARGE,1790477153741,0
154,47.96,NORMAL,1790477153851,0
155,33.82,NORMAL,1790477153959,0
156,11.22,NORMAL,1790477154074,0
157,9.77,FRAUD_HIGHFREQ,1790477154176,1
157,13.92,FRAUD_HIGHFREQ,1790477154207,1
157,9.85,FRAUD_HIGHFREQ,1790477154239,1
157,8.33,FRAUD_HIGHFREQ,1790477154271,1
157,9.10,FRAUD_HIGHFREQ,1790477154316,1
157,5.04,FRAUD_HIGHFREQ,1790477154347,1
157,5.45,FRAUD_HIGHFREQ,1790477154379,1
157,14.53,FRAUD_HIGHFREQ,1790477154409,1
157,9.37,FRAUD_HIGHFREQ,1790477154439,1
157,6.46,FRAUD_HIGHFREQ,1790477154472,1
158,0.50,FRAUD_SMALL,1790477154625,1
158,800.00,FRAUD_LARGE,1790477154942,1
159,32.61,NORMAL,1790477155069,0
160,0.50,NOISE_SMALL,1790477155176,0
160,800.00,NOISE_LARGE,1790477156692,0
161,56.00,NORMAL,1790477156804,0
162,0.50,FRAUD_SMALL,1790477156921,1
162,800.00,FRAUD_LARGE,1790477157224,1
163,55.78,NORMAL,1790477157339,0
164,88.11,NORMAL,1790477157442,0
165,0.50,FRAUD_SMALL,1790477157555,1
165,800.00,FRAUD_LARGE,1790477157859,1
166,78.91,NORMAL,1790477157967,0
167,56.82,NORMAL,1790477158083,0
168,0.40,FRAUD_R4_STEP1,1790477158199,1
168,0.60,FRAUD_R4_STEP2,1790477158400,1
168,900.00,FRAUD_R4_LARGE,1790477158621,1
169,72.35,NORMAL,1790477158729,0
170,0.50,NOISE_SMALL,1790477158840,0
170,800.00,NOISE_LARGE,1790477160354,0
171,91.76,NORMAL,1790477160463,0
172,88.74,NORMAL,1790477160572,0
173,0.40,FRAUD_R4_STEP1,1790477160681,1
173,0.60,FRAUD_R4_STEP2,1790477160886,1
173,900.00,FRAUD_R4_LARGE,1790477161088,1
174,100.57,NORMAL,1790477161200,0
175,0.50,FRAUD_SMALL,1790477161306,1
175,800.00,FRAUD_LARGE,1790477161616,1
176,87.28,NORMAL,1790477161727,0
177,83.13,NORMAL,1790477161856,0
178,0.50,FRAUD_SMALL,1790477161965,1
178,800.00,FRAUD_LARGE,1790477162268,1
179,6.09,NORMAL,1790477162382,0
180,91.52,NORMAL,1790477162489,0
181,57.79,NORMAL,1790477162594,0
182,44.10,NORMAL,1790477162703,0
183,0.50,FRAUD_SMALL,1790477162812,1
183,800.00,FRAUD_LARGE,1790477163124,1
184,17.49,NORMAL,1790477163234,0
185,36.94,NORMAL,1790477163346,0
186,85.94,NORMAL,1790477163450,0
187,37.86,LATE_NORMAL,1790477161564,0
188,54.54,NORMAL,1790477163675,0
189,0.40,FRAUD_R4_STEP1,1790477163777,1
189,0.60,FRAUD_R4_STEP2,1790477163993,1
189,900.00,FRAUD_R4_LARGE,1790477164197,1
190,23.48,NORMAL,1790477164312,0
191,0.40,FRAUD_R4_STEP1,1790477164417,1
191,0.60,FRAUD_R4_STEP2,1790477164793,1
191,900.00,FRAUD_R4_LARGE,1790477165031,1
192,0.40,FRAUD_R4_STEP1,1790477165145,1
192,0.60,FRAUD_R4_STEP2,1790477165360,1
192,900.00,FRAUD_R4_LARGE,1790477165574,1
193,0.50,FRAUD_SMALL,1790477165682,1
193,800.00,FRAUD_LARGE,1790477166081,1
194,54.36,NORMAL,1790477166235,0
195,0.40,FRAUD_R4_STEP1,1790477166383,1
195,0.60,FRAUD_R4_STEP2,1790477166594,1
195,900.00,FRAUD_R4_LARGE,1790477166804,1
196,42.92,NORMAL,1790477166911,0
197,37.11,NORMAL,1790477167022,0
198,77.70,NORMAL,1790477167129,0
199,0.50,NOISE_SMALL,1790477167237,0
199,800.00,NOISE_LARGE,1790477168744,0
200,36.65,LATE_NORMAL,1790477166853,0
1,0.50,NOISE_SMALL,1790477168962,0
1,800.00,NOISE_LARGE,1790477170470,0
2,6.91,FRAUD_HIGHFREQ,1790477170579,1
2,7.71,FRAUD_HIGHFREQ,1790477170610,1
2,11.13,FRAUD_HIGHFREQ,1790477170642,1
2,9.79,FRAUD_HIGHFREQ,1790477170674,1
2,14.97,FRAUD_HIGHFREQ,1790477170706,1
2,6.27,FRAUD_HIGHFREQ,1790477170751,1
2,9.44,FRAUD_HIGHFREQ,1790477170782,1
2,8.61,FRAUD_HIGHFREQ,1790477170814,1
2,10.15,FRAUD_HIGHFREQ,1790477170844,1
2,8.14,FRAUD_HIGHFREQ,1790477170876,1
3,0.50,FRAUD_SMALL,1790477171017,1
3,800.00,FRAUD_LARGE,1790477171329,1
4,78.04,NORMAL,1790477171442,0
5,0.50,NOISE_SMALL,1790477171548,0
5,800.00,NOISE_LARGE,1790477173060,0
6,0.50,NOISE_SMALL,1790477173171,0
6,800.00,NOISE_LARGE,1790477174680,0
7,39.62,NORMAL,1790477174789,0
8,11.66,FRAUD_HIGHFREQ,1790477174898,1
8,6.60,FRAUD_HIGHFREQ,1790477174928,1
8,13.91,FRAUD_HIGHFREQ,1790477174960,1
8,10.30,FRAUD_HIGHFREQ,1790477174991,1
8,8.65,FRAUD_HIGHFREQ,1790477175022,1
8,10.39,FRAUD_HIGHFREQ,1790477175052,1
8,5.77,FRAUD_HIGHFREQ,1790477175083,1
8,13.05,FRAUD_HIGHFREQ,1790477175115,1
8,5.27,FRAUD_HIGHFREQ,1790477175146,1
8,10.79,FRAUD_HIGHFREQ,1790477175177,1
9,8.62,FRAUD_HIGHFREQ,1790477175321,1
9,6.40,FRAUD_HIGHFREQ,1790477175351,1
9,10.26,FRAUD_HIGHFREQ,1790477175398,1
9,11.49,FRAUD_HIGHFREQ,1790477175429,1
9,7.31,FRAUD_HIGHFREQ,1790477175461,1
9,13.30,FRAUD_HIGHFREQ,1790477175493,1
9,13.32,FRAUD_HIGHFREQ,1790477175524,1
9,11.89,FRAUD_HIGHFREQ,1790477175555,1
9,6.39,FRAUD_HIGHFREQ,1790477175585,1
9,14.82,FRAUD_HIGHFREQ,1790477175616,1
10,61.68,NORMAL,1790477175759,0
11,74.95,NORMAL,1790477175867,0
12,59.28,NORMAL,1790477175976,0
13,0.50,FRAUD_SMALL,1790477176085,1
13,800.00,FRAUD_LARGE,1790477176398,1
14,42.77,NORMAL,1790477176508,0
15,8.23,NORMAL,1790477176617,0
15,10.49,NORMAL,1790477176680,0
15,8.58,NORMAL,1790477176742,0
15,9.04,NORMAL,1790477176804,0
15,11.04,NORMAL,1790477176867,0
15,9.40,NORMAL,1790477176929,0
15,9.07,NORMAL,1790477176991,0
15,11.08,NORMAL,1790477177053,0
15,10.79,NORMAL,1790477177116,0
15,10.38,NORMAL,1790477177177,0
15,200.00,FRAUD_DEVIATION,1790477177240,1
16,76.81,NORMAL,1790477177349,0
17,74.55,NORMAL,1790477177458,0
18,88.63,NORMAL,1790477177568,0
19,83.35,NORMAL,1790477177676,0
20,12.33,FRAUD_HIGHFREQ,1790477177784,1
20,13.23,FRAUD_HIGHFREQ,1790477177816,1
20,12.13,FRAUD_HIGHFREQ,1790477177847,1
20,14.49,FRAUD_HIGHFREQ,1790477177878,1
20,5.26,FRAUD_HIGHFREQ,1790477177909,1
20,10.00,FRAUD_HIGHFREQ,1790477177940,1
20,12.41,FRAUD_HIGHFREQ,1790477177972,1
20,8.81,FRAUD_HIGHFREQ,1790477178002,1
20,11.12,FRAUD_HIGHFREQ,1790477178035,1
20,11.49,FRAUD_HIGHFREQ,1790477178065,1
21,86.51,NORMAL,1790477178236,0
22,14.19,FRAUD_HIGHFREQ,1790477178345,1
22,8.85,FRAUD_HIGHFREQ,1790477178377,1
22,7.77,FRAUD_HIGHFREQ,1790477178421,1
22,11.44,FRAUD_HIGHFREQ,1790477178452,1
22,13.56,FRAUD_HIGHFREQ,1790477178482,1
22,5.62,FRAUD_HIGHFREQ,1790477178527,1
22,6.76,FRAUD_HIGHFREQ,1790477178558,1
22,12.18,FRAUD_HIGHFREQ,1790477178589,1
22,6.41,FRAUD_HIGHFREQ,1790477178621,1
22,12.75,FRAUD_HIGHFREQ,1790477178653,1
23,65.88,NORMAL,1790477178792,0
24,66.61,NORMAL,1790477178899,0
25,58.28,NORMAL,1790477179008,0
26,98.35,NORMAL,1790477179118,0
27,0.50,NOISE_SMALL,1790477179227,0
27,800.00,NOISE_LARGE,1790477180739,0
28,19.97,NORMAL,1790477180850,0
29,57.43,NORMAL,1790477180960,0
30,10.65,NORMAL,1790477181071,0
30,8.82,NORMAL,1790477181131,0
30,9.07,NORMAL,1790477181194,0
30,11.55,NORMAL,1790477181259,0
30,9.30,NORMAL,1790477181337,0
30,10.46,NORMAL,1790477181398,0
30,8.65,NORMAL,1790477181456,0
30,9.58,NORMAL,1790477181519,0
30,8.00,NORMAL,1790477181582,0
30,11.72,NORMAL,1790477181643,0
30,200.00,FRAUD_DEVIATION,1790477181706,1
31,17.97,NORMAL,1790477181814,0
32,0.50,FRAUD_SMALL,1790477181924,1
32,800.00,FRAUD_LARGE,1790477182234,1
33,0.50,FRAUD_SMALL,1790477182342,1
33,800.00,FRAUD_LARGE,1790477182654,1
34,25.85,NORMAL,1790477182766,0
35,45.41,NORMAL,1790477182880,0
36,11.42,NORMAL,1790477182995,0
36,11.28,NORMAL,1790477183059,0
36,8.13,NORMAL,1790477183123,0
36,11.32,NORMAL,1790477183184,0
36,11.40,NORMAL,1790477183247,0
36,9.54,NORMAL,1790477183309,0
36,9.65,NORMAL,1790477183372,0
36,11.44,NORMAL,1790477183434,0
36,10.73,NORMAL,1790477183495,0
36,11.40,NORMAL,1790477183557,0
36,200.00,FRAUD_DEVIATION,1790477183620,1
37,53.38,NORMAL,1790477183728,0
38,81.82,NORMAL,1790477183838,0
39,44.34,NORMAL,1790477183945,0
40,0.40,FRAUD_R4_STEP1,1790477184053,1
40,0.60,FRAUD_R4_STEP2,1790477184254,1
40,900.00,FRAUD_R4_LARGE,1790477184458,1
41,29.79,LATE_NORMAL,1790477182570,0
42,0.50,FRAUD_SMALL,1790477184692,1
42,800.00,FRAUD_LARGE,1790477185000,1
43,95.95,NORMAL,1790477185109,0
44,95.44,NORMAL,1790477185217,0
45,0.50,NOISE_SMALL,1790477185329,0
45,800.00,NOISE_LARGE,1790477186831,0
46,0.40,FRAUD_R4_STEP1,1790477186938,1
46,0.60,FRAUD_R4_STEP2,1790477187139,1
46,900.00,FRAUD_R4_LARGE,1790477187358,1
47,0.40,FRAUD_R4_STEP1,1790477187463,1
47,0.60,FRAUD_R4_STEP2,1790477187665,1
47,900.00,FRAUD_R4_LARGE,1790477187868,1
48,0.50,FRAUD_SMALL,1790477187978,1
48,800.00,FRAUD_LARGE,1790477188285,1
49,95.51,NORMAL,1790477188396,0
50,26.31,NORMAL,1790477188583,0
51,0.50,FRAUD_SMALL,1790477188702,1
51,800.00,FRAUD_LARGE,1790477189002,1
52,0.50,FRAUD_SMALL,1790477189112,1
52,800.00,FRAUD_LARGE,1790477189423,1
53,31.93,NORMAL,1790477189531,0
54,0.50,FRAUD_SMALL,1790477189653,1
54,800.00,FRAUD_LARGE,1790477189982,1
55,0.50,FRAUD_SMALL,1790477190089,1
55,800.00,FRAUD_LARGE,1790477190400,1
56,45.84,NORMAL,1790477190509,0
57,97.25,NORMAL,1790477190616,0
58,87.89,NORMAL,1790477190727,0
59,0.40,FRAUD_R4_STEP1,1790477190837,1
59,0.60,FRAUD_R4_STEP2,1790477191105,1
59,900.00,FRAUD_R4_LARGE,1790477191321,1
60,28.41,NORMAL,1790477191425,0
61,25.07,NORMAL,1790477191545,0
62,50.04,NORMAL,1790477191657,0
63,13.27,FRAUD_HIGHFREQ,1790477191766,1
63,9.29,FRAUD_HIGHFREQ,1790477191796,1
63,11.29,FRAUD_HIGHFREQ,1790477191829,1
63,6.61,FRAUD_HIGHFREQ,1790477191875,1
63,8.90,FRAUD_HIGHFREQ,1790477191925,1
63,9.13,FRAUD_HIGHFREQ,1790477191966,1
63,12.65,FRAUD_HIGHFREQ,1790477191997,1
63,8.77,FRAUD_HIGHFREQ,1790477192028,1
63,14.13,FRAUD_HIGHFREQ,1790477192060,1
63,14.48,FRAUD_HIGHFREQ,1790477192090,1
64,23.94,NORMAL,1790477192238,0
65,0.40,FRAUD_R4_STEP1,1790477192359,1
65,0.60,FRAUD_R4_STEP2,1790477192570,1
65,900.00,FRAUD_R4_LARGE,1790477192785,1
66,0.50,NOISE_SMALL,1790477192896,0
66,800.00,NOISE_LARGE,1790477194419,0
67,0.40,FRAUD_R4_STEP1,1790477194536,1
67,0.60,FRAUD_R4_STEP2,1790477194739,1
67,900.00,FRAUD_R4_LARGE,1790477194951,1
68,0.50,FRAUD_SMALL,1790477195052,1
68,800.00,FRAUD_LARGE,1790477195365,1
69,61.62,NORMAL,1790477195507,0
70,0.40,FRAUD_R4_STEP1,1790477195611,1
70,0.60,FRAUD_R4_STEP2,1790477195811,1
70,900.00,FRAUD_R4_LARGE,1790477196016,1
71,0.40,FRAUD_R4_STEP1,1790477196124,1
71,0.60,FRAUD_R4_STEP2,1790477196338,1
71,900.00,FRAUD_R4_LARGE,1790477196556,1
72,44.64,NORMAL,1790477196662,0
73,102.24,NORMAL,1790477196772,0
74,7.93,NORMAL,1790477196887,0
75,36.57,NORMAL,1790477196990,0
76,11.84,FRAUD_HIGHFREQ,1790477197097,1
76,11.37,FRAUD_HIGHFREQ,1790477197128,1
76,6.42,FRAUD_HIGHFREQ,1790477197160,1
76,11.66,FRAUD_HIGHFREQ,1790477197207,1
76,8.78,FRAUD_HIGHFREQ,1790477197238,1
76,11.26,FRAUD_HIGHFREQ,1790477197271,1
76,8.21,FRAUD_HIGHFREQ,1790477197301,1
76,10.58,FRAUD_HIGHFREQ,1790477197332,1
76,7.50,FRAUD_HIGHFREQ,1790477197364,1
76,14.97,FRAUD_HIGHFREQ,1790477197396,1
77,10.40,NORMAL,1790477197537,0
77,10.29,NORMAL,1790477197598,0
77,8.35,NORMAL,1790477197659,0
77,8.87,NORMAL,1790477197722,0
77,8.28,NORMAL,1790477197782,0
77,9.02,NORMAL,1790477197844,0
77,8.02,NORMAL,1790477197907,0
77,9.69,NORMAL,1790477197969,0
77,11.24,NORMAL,1790477198033,0
77,11.46,NORMAL,1790477198094,0
77,200.00,FRAUD_DEVIATION,1790477198155,1
78,43.66,LATE_NORMAL,1790477196263,0
79,38.57,NORMAL,1790477198371,0
80,68.83,NORMAL,1790477198482,0
81,31.69,NORMAL,1790477198592,0
82,75.45,NORMAL,1790477198701,0
83,0.40,FRAUD_R4_STEP1,1790477198809,1
83,0.60,FRAUD_R4_STEP2,1790477199026,1
83,900.00,FRAUD_R4_LARGE,1790477199229,1
84,21.44,LATE_NORMAL,1790477197339,0
85,0.50,NOISE_SMALL,1790477199446,0
85,800.00,NOISE_LARGE,1790477200949,0
86,0.50,FRAUD_SMALL,1790477201057,1
86,800.00,FRAUD_LARGE,1790477201374,1
87,42.70,NORMAL,1790477201476,0
88,0.50,FRAUD_SMALL,1790477201598,1
88,800.00,FRAUD_LARGE,1790477201913,1
89,93.90,NORMAL,1790477202019,0
90,0.50,NOISE_SMALL,1790477202127,0
90,800.00,NOISE_LARGE,1790477203632,0
91,0.50,FRAUD_SMALL,1790477203740,1
91,800.00,FRAUD_LARGE,1790477204051,1
92,79.93,NORMAL,1790477204161,0
93,51.35,NORMAL,1790477204303,0
94,14.23,NORMAL,1790477204408,0
95,62.01,NORMAL,1790477204519,0
96,0.40,FRAUD_R4_STEP1,1790477204625,1
96,0.60,FRAUD_R4_STEP2,1790477204846,1
96,900.00,FRAUD_R4_LARGE,1790477205059,1
97,79.98,NORMAL,1790477205233,0
98,0.50,NOISE_SMALL,1790477205358,0
98,800.00,NOISE_LARGE,1790477206873,0
99,6.01,FRAUD_HIGHFREQ,1790477206981,1
99,14.05,FRAUD_HIGHFREQ,1790477207014,1
99,5.11,FRAUD_HIGHFREQ,1790477207057,1
99,8.95,FRAUD_HIGHFREQ,1790477207088,1
99,14.40,FRAUD_HIGHFREQ,1790477207120,1
99,11.61,FRAUD_HIGHFREQ,1790477207165,1
99,11.26,FRAUD_HIGHFREQ,1790477207195,1
99,10.72,FRAUD_HIGHFREQ,1790477207226,1
99,9.89,FRAUD_HIGHFREQ,1790477207258,1
99,10.95,FRAUD_HIGHFREQ,1790477207305,1
100,0.50,NOISE_SMALL,1790477207444,0
100,800.00,NOISE_LARGE,1790477209086,0
101,91.83,NORMAL,1790477209200,0
102,37.24,NORMAL,1790477209321,0
103,93.72,NORMAL,1790477209434,0
104,25.48,NORMAL,1790477209547,0
105,23.84,NORMAL,1790477209652,0
106,25.81,NORMAL,1790477209760,0
107,0.50,NOISE_SMALL,1790477209876,0
107,800.00,NOISE_LARGE,1790477211379,0
108,15.08,NORMAL,1790477211487,0
109,0.40,FRAUD_R4_STEP1,1790477211597,1
109,0.60,FRAUD_R4_STEP2,1790477211812,1
109,900.00,FRAUD_R4_LARGE,1790477212017,1
110,11.20,NORMAL,1790477212122,0
110,9.35,NORMAL,1790477212208,0
110,8.83,NORMAL,1790477212269,0
110,10.84,NORMAL,1790477212335,0
110,11.42,NORMAL,1790477212387,0
110,9.10,NORMAL,1790477212450,0
110,8.55,NORMAL,1790477212511,0
110,9.29,NORMAL,1790477212574,0
110,10.95,NORMAL,1790477212636,0
110,8.95,NORMAL,1790477212699,0
110,200.00,FRAUD_DEVIATION,1790477212761,1
111,77.96,NORMAL,1790477212869,0
112,0.40,FRAUD_R4_STEP1,1790477212979,1
112,0.60,FRAUD_R4_STEP2,1790477213193,1
112,900.00,FRAUD_R4_LARGE,1790477213395,1
113,101.37,NORMAL,1790477213504,0
114,26.53,LATE_NORMAL,1790477211612,0
115,0.50,FRAUD_SMALL,1790477213719,1
115,800.00,FRAUD_LARGE,1790477214030,1
116,12.65,NORMAL,1790477214141,0
117,80.13,NORMAL,1790477214267,0
118,35.62,LATE_NORMAL,1790477212394,0
119,0.50,FRAUD_SMALL,1790477214523,1
119,800.00,FRAUD_LARGE,1790477214824,1
120,95.86,NORMAL,1790477214939,0
121,96.06,NORMAL,1790477215043,0
122,53.67,NORMAL,1790477215151,0
123,12.16,FRAUD_HIGHFREQ,1790477215262,1
123,11.25,FRAUD_HIGHFREQ,1790477215307,1
123,12.36,FRAUD_HIGHFREQ,1790477215345,1
123,11.19,FRAUD_HIGHFREQ,1790477215383,1
123,8.28,FRAUD_HIGHFREQ,1790477215414,1
123,13.71,FRAUD_HIGHFREQ,1790477215459,1
123,10.68,FRAUD_HIGHFREQ,1790477215489,1
123,9.98,FRAUD_HIGHFREQ,1790477215521,1
123,6.84,FRAUD_HIGHFREQ,1790477215552,1
123,14.12,FRAUD_HIGHFREQ,1790477215582,1
124,25.11,NORMAL,1790477215722,0
125,11.23,NORMAL,1790477215831,0
125,9.25,NORMAL,1790477215905,0
125,9.13,NORMAL,1790477215955,0
125,10.94,NORMAL,1790477216019,0
125,10.15,NORMAL,1790477216081,0
125,8.01,NORMAL,1790477216144,0
125,10.83,NORMAL,1790477216207,0
125,11.36,NORMAL,1790477216268,0
125,9.18,NORMAL,1790477216329,0
125,11.35,NORMAL,1790477216390,0
125,200.00,FRAUD_DEVIATION,1790477216452,1
126,69.24,NORMAL,1790477216567,0
127,10.01,NORMAL,1790477216668,0
127,8.33,NORMAL,1790477216734,0
127,8.51,NORMAL,1790477216792,0
127,9.98,NORMAL,1790477216854,0
127,11.48,NORMAL,1790477216916,0
127,8.68,NORMAL,1790477216979,0
127,10.95,NORMAL,1790477217041,0
127,9.69,NORMAL,1790477217104,0
127,9.21,NORMAL,1790477217170,0
127,10.28,NORMAL,1790477217230,0
127,200.00,FRAUD_DEVIATION,1790477217330,1
128,104.65,NORMAL,1790477217457,0
129,0.40,FRAUD_R4_STEP1,1790477217588,1
129,0.60,FRAUD_R4_STEP2,1790477217795,1
129,900.00,FRAUD_R4_LARGE,1790477218008,1
130,35.12,LATE_NORMAL,1790477216125,0
131,14.70,FRAUD_HIGHFREQ,1790477218241,1
131,7.75,FRAUD_HIGHFREQ,1790477218272,1
131,8.08,FRAUD_HIGHFREQ,1790477218304,1
131,8.20,FRAUD_HIGHFREQ,1790477218334,1
131,14.80,FRAUD_HIGHFREQ,1790477218366,1
131,6.55,FRAUD_HIGHFREQ,1790477218397,1
131,9.43,FRAUD_HIGHFREQ,1790477218428,1
131,7.33,FRAUD_HIGHFREQ,1790477218460,1
131,11.23,FRAUD_HIGHFREQ,1790477218492,1
131,10.84,FRAUD_HIGHFREQ,1790477218523,1
132,17.72,LATE_NORMAL,1790477216663,0
133,91.32,NORMAL,1790477218783,0
134,0.50,FRAUD_SMALL,1790477218894,1
134,800.00,FRAUD_LARGE,1790477219206,1
135,0.50,FRAUD_SMALL,1790477219314,1
135,800.00,FRAUD_LARGE,1790477219626,1
136,53.28,NORMAL,1790477219735,0
137,101.96,NORMAL,1790477219856,0
138,0.50,NOISE_SMALL,1790477219969,0
138,800.00,NOISE_LARGE,1790477221473,0
139,0.50,FRAUD_SMALL,1790477221581,1
139,800.00,FRAUD_LARGE,1790477221894,1
140,0.50,FRAUD_SMALL,1790477222010,1
140,800.00,FRAUD_LARGE,1790477222316,1
141,0.40,FRAUD_R4_STEP1,1790477222432,1
141,0.60,FRAUD_R4_STEP2,1790477222642,1
141,900.00,FRAUD_R4_LARGE,1790477222848,1
142,14.49,NORMAL,1790477222955,0
143,37.43,LATE_NORMAL,1790477221062,0
144,65.25,NORMAL,1790477223173,0
145,67.14,NORMAL,1790477223290,0
146,6.90,NORMAL,1790477223404,0
147,26.90,NORMAL,1790477223513,0
148,19.15,NORMAL,1790477223621,0
149,8.51,NORMAL,1790477223730,0
149,10.14,NORMAL,1790477223794,0
149,9.06,NORMAL,1790477223857,0
149,9.12,NORMAL,1790477223919,0
149,10.86,NORMAL,1790477223980,0
149,9.84,NORMAL,1790477224063,0
149,10.42,NORMAL,1790477224120,0
149,11.82,NORMAL,1790477224182,0
149,9.18,NORMAL,1790477224245,0
149,8.38,NORMAL,1790477224306,0
149,200.00,FRAUD_DEVIATION,1790477224367,1
150,66.09,NORMAL,1790477224477,0
151,10.52,NORMAL,1790477224602,0
151,10.79,NORMAL,1790477224670,0
151,11.63,NORMAL,1790477224730,0
151,9.89,NORMAL,1790477224790,0
151,11.58,NORMAL,1790477224865,0
151,9.86,NORMAL,1790477224933,0
151,10.82,NORMAL,1790477224995,0
151,11.75,NORMAL,1790477225055,0
151,10.08,NORMAL,1790477225128,0
151,10.36,NORMAL,1790477225178,0
151,200.00,FRAUD_DEVIATION,1790477225241,1
152,39.53,NORMAL,1790477225398,0
153,0.50,FRAUD_SMALL,1790477225507,1
153,800.00,FRAUD_LARGE,1790477225816,1
154,41.16,NORMAL,1790477225924,0
155,9.41,NORMAL,1790477226033,0
155,9.15,NORMAL,1790477226095,0
155,10.45,NORMAL,1790477226158,0
155,11.33,NORMAL,1790477226220,0
155,10.57,NORMAL,1790477226284,0
155,10.83,NORMAL,1790477226346,0
155,11.86,NORMAL,1790477226408,0
155,11.07,NORMAL,1790477226470,0
155,9.34,NORMAL,1790477226533,0
155,10.33,NORMAL,1790477226595,0
155,200.00,FRAUD_DEVIATION,1790477226660,1
156,46.34,NORMAL,1790477226766,0
157,12.72,NORMAL,1790477226879,0
158,22.58,NORMAL,1790477226982,0
159,0.50,FRAUD_SMALL,1790477227102,1
159,800.00,FRAUD_LARGE,1790477227415,1
160,41.67,NORMAL,1790477227527,0
161,0.50,NOISE_SMALL,1790477227629,0
161,800.00,NOISE_LARGE,1790477229133,0
162,0.50,FRAUD_SMALL,1790477229245,1
162,800.00,FRAUD_LARGE,1790477229553,1
163,19.24,NORMAL,1790477229662,0
164,0.40,FRAUD_R4_STEP1,1790477229798,1
164,0.60,FRAUD_R4_STEP2,1790477230002,1
164,900.00,FRAUD_R4_LARGE,1790477230202,1
165,12.80,NORMAL,1790477230312,0
166,0.50,NOISE_SMALL,1790477230420,0
166,800.00,NOISE_LARGE,1790477231923,0
167,0.50,NOISE_SMALL,1790477232030,0
167,800.00,NOISE_LARGE,1790477233540,0
168,32.08,NORMAL,1790477233649,0
169,86.24,NORMAL,1790477233762,0
170,0.40,FRAUD_R4_STEP1,1790477233872,1
170,0.60,FRAUD_R4_STEP2,1790477234084,1
170,900.00,FRAUD_R4_LARGE,1790477234287,1
171,82.21,NORMAL,1790477234398,0
172,100.32,NORMAL,1790477234507,0
173,0.40,FRAUD_R4_STEP1,1790477234614,1
173,0.60,FRAUD_R4_STEP2,1790477234816,1
173,900.00,FRAUD_R4_LARGE,1790477235017,1
174,0.50,NOISE_SMALL,1790477235126,0
174,800.00,NOISE_LARGE,1790477236631,0
175,0.50,NOISE_SMALL,1790477236754,0
175,800.00,NOISE_LARGE,1790477238258,0
176,44.04,NORMAL,1790477238366,0
177,91.99,NORMAL,1790477238474,0
178,10.13,NORMAL,1790477238590,0
178,8.58,NORMAL,1790477238644,0
178,10.36,NORMAL,1790477238711,0
178,9.82,NORMAL,1790477238776,0
178,8.55,NORMAL,1790477238845,0
178,8.99,NORMAL,1790477239771,0
178,9.69,NORMAL,1790477239859,0
178,11.81,NORMAL,1790477239931,0
178,8.77,NORMAL,1790477239995,0
178,9.76,NORMAL,1790477240081,0
178,200.00,FRAUD_DEVIATION,1790477240157,1
179,75.30,NORMAL,1790477240268,0
180,70.95,NORMAL,1790477240431,0
181,73.36,NORMAL,1790477240541,0
182,0.50,FRAUD_SMALL,1790477240661,1
182,800.00,FRAUD_LARGE,1790477240973,1
183,17.67,LATE_NORMAL,1790477239092,0
184,104.85,NORMAL,1790477241205,0
185,56.95,NORMAL,1790477241320,0
186,0.50,FRAUD_SMALL,1790477241427,1
186,800.00,FRAUD_LARGE,1790477241736,1
187,0.50,NOISE_SMALL,1790477241853,0
187,800.00,NOISE_LARGE,1790477243361,0
188,0.50,FRAUD_SMALL,1790477243469,1
188,800.00,FRAUD_LARGE,1790477243778,1
189,58.69,NORMAL,1790477243891,0
190,65.59,NORMAL,1790477243996,0
191,0.50,FRAUD_SMALL,1790477244105,1
191,800.00,FRAUD_LARGE,1790477244412,1
192,0.50,NOISE_SMALL,1790477244523,0
192,800.00,NOISE_LARGE,1790477246029,0
193,0.50,FRAUD_SMALL,1790477246156,1
193,800.00,FRAUD_LARGE,1790477246465,1
194,36.39,NORMAL,1790477246571,0
195,0.40,FRAUD_R4_STEP1,1790477246692,1
195,0.60,FRAUD_R4_STEP2,1790477246912,1
195,900.00,FRAUD_R4_LARGE,1790477247130,1
196,92.86,NORMAL,1790477247253,0
197,71.48,NORMAL,1790477247374,0
198,0.50,NOISE_SMALL,1790477247482,0
198,800.00,NOISE_LARGE,1790477248989,0
199,48.40,NORMAL,1790477249098,0
200,96.30,NORMAL,1790477249204,0
1,0.50,FRAUD_SMALL,1790477249317,1
1,800.00,FRAUD_LARGE,1790477249617,1
2,101.92,NORMAL,1790477249732,0
3,39.58,NORMAL,1790477249837,0
4,0.50,FRAUD_SMALL,1790477249940,1
4,800.00,FRAUD_LARGE,1790477250273,1
5,0.50,NOISE_SMALL,1790477250390,0
5,800.00,NOISE_LARGE,1790477251907,0
6,0.50,NOISE_SMALL,1790477252025,0
6,800.00,NOISE_LARGE,1790477253548,0
7,0.50,NOISE_SMALL,1790477253657,0
7,800.00,NOISE_LARGE,1790477255183,0
8,0.50,NOISE_SMALL,1790477255290,0
8,800.00,NOISE_LARGE,1790477256805,0
9,82.73,NORMAL,1790477256912,0
10,84.23,NORMAL,1790477257022,0
11,0.50,NOISE_SMALL,1790477257150,0
11,800.00,NOISE_LARGE,1790477258650,0
12,10.69,FRAUD_HIGHFREQ,1790477258760,1
12,8.53,FRAUD_HIGHFREQ,1790477258791,1
12,7.34,FRAUD_HIGHFREQ,1790477258821,1
12,13.42,FRAUD_HIGHFREQ,1790477258857,1
12,12.99,FRAUD_HIGHFREQ,1790477258897,1
12,10.74,FRAUD_HIGHFREQ,1790477258928,1
12,8.42,FRAUD_HIGHFREQ,1790477258961,1
12,6.26,FRAUD_HIGHFREQ,1790477258992,1
12,11.63,FRAUD_HIGHFREQ,1790477259022,1
12,14.11,FRAUD_HIGHFREQ,1790477259068,1
13,37.48,NORMAL,1790477259207,0
14,22.85,NORMAL,1790477259316,0
15,18.85,NORMAL,1790477259426,0
16,53.31,NORMAL,1790477259540,0
17,63.00,NORMAL,1790477259655,0
18,0.50,FRAUD_SMALL,1790477259762,1
18,800.00,FRAUD_LARGE,1790477260070,1
19,8.24,NORMAL,1790477260178,0
19,9.71,NORMAL,1790477260244,0
19,10.22,NORMAL,1790477260301,0
19,9.27,NORMAL,1790477260363,0
19,11.26,NORMAL,1790477260426,0
19,9.67,NORMAL,1790477260489,0
19,10.20,NORMAL,1790477260552,0
19,10.60,NORMAL,1790477260613,0
19,10.28,NORMAL,1790477260676,0
19,9.44,NORMAL,1790477260738,0
19,200.00,FRAUD_DEVIATION,1790477260801,1
20,58.13,NORMAL,1790477260910,0
21,0.40,FRAUD_R4_STEP1,1790477261019,1
21,0.60,FRAUD_R4_STEP2,1790477261227,1
21,900.00,FRAUD_R4_LARGE,1790477261440,1
22,0.50,FRAUD_SMALL,1790477261549,1
22,800.00,FRAUD_LARGE,1790477261857,1
23,38.99,LATE_NORMAL,1790477259966,0
24,0.40,FRAUD_R4_STEP1,1790477262073,1
24,0.60,FRAUD_R4_STEP2,1790477262275,1
24,900.00,FRAUD_R4_LARGE,1790477262498,1
25,39.32,LATE_NORMAL,1790477260603,0
26,0.50,FRAUD_SMALL,1790477262713,1
26,800.00,FRAUD_LARGE,1790477263022,1
27,0.40,FRAUD_R4_STEP1,1790477263134,1
27,0.60,FRAUD_R4_STEP2,1790477263348,1
27,900.00,FRAUD_R4_LARGE,1790477263549,1
28,0.50,NOISE_SMALL,1790477263658,0
28,800.00,NOISE_LARGE,1790477265159,0
29,0.50,FRAUD_SMALL,1790477265267,1
29,800.00,FRAUD_LARGE,1790477265581,1
30,5.66,NORMAL,1790477265692,0
31,93.49,NORMAL,1790477265803,0
32,0.40,FRAUD_R4_STEP1,1790477265907,1
32,0.60,FRAUD_R4_STEP2,1790477266109,1
32,900.00,FRAUD_R4_LARGE,1790477266312,1
33,77.25,NORMAL,1790477266421,0
34,88.33,NORMAL,1790477266536,0
35,65.81,NORMAL,1790477266639,0
36,0.40,FRAUD_R4_STEP1,1790477266750,1
36,0.60,FRAUD_R4_STEP2,1790477266976,1
36,900.00,FRAUD_R4_LARGE,1790477267182,1
37,61.87,NORMAL,1790477267293,0
38,90.10,NORMAL,1790477267400,0
39,11.66,NORMAL,1790477267513,0
39,9.01,NORMAL,1790477267570,0
39,8.35,NORMAL,1790477267633,0
39,9.04,NORMAL,1790477267696,0
39,8.75,NORMAL,1790477267763,0
39,9.45,NORMAL,1790477267827,0
39,8.94,NORMAL,1790477267879,0
39,9.94,NORMAL,1790477267940,0
39,8.82,NORMAL,1790477268003,0
39,11.33,NORMAL,1790477268066,0
39,200.00,FRAUD_DEVIATION,1790477268127,1
40,0.40,FRAUD_R4_STEP1,1790477268236,1
40,0.60,FRAUD_R4_STEP2,1790477268438,1
40,900.00,FRAUD_R4_LARGE,1790477268641,1
41,57.92,NORMAL,1790477268750,0
42,0.40,FRAUD_R4_STEP1,1790477268856,1
42,0.60,FRAUD_R4_STEP2,1790477269105,1
42,900.00,FRAUD_R4_LARGE,1790477269309,1
43,44.77,NORMAL,1790477269417,0
44,9.37,NORMAL,1790477269546,0
44,10.83,NORMAL,1790477269611,0
44,10.68,NORMAL,1790477269684,0
44,11.68,NORMAL,1790477269742,0
44,11.38,NORMAL,1790477269808,0
44,8.42,NORMAL,1790477269865,0
44,10.00,NORMAL,1790477269928,0
44,9.74,NORMAL,1790477269988,0
44,11.05,NORMAL,1790477270053,0
44,11.94,NORMAL,1790477270113,0
44,200.00,FRAUD_DEVIATION,1790477270175,1
45,0.50,FRAUD_SMALL,1790477270284,1
45,800.00,FRAUD_LARGE,1790477270593,1
46,0.50,FRAUD_SMALL,1790477270707,1
46,800.00,FRAUD_LARGE,1790477271018,1
47,0.50,NOISE_SMALL,1790477271122,0
47,800.00,NOISE_LARGE,1790477272631,0
48,94.91,NORMAL,1790477272739,0
49,0.50,NOISE_SMALL,1790477272847,0
49,800.00,NOISE_LARGE,1790477274356,0
50,9.33,NORMAL,1790477274465,0
50,11.87,NORMAL,1790477274528,0
50,8.71,NORMAL,1790477274588,0
50,9.73,NORMAL,1790477274650,0
50,9.15,NORMAL,1790477274712,0
50,9.18,NORMAL,1790477274774,0
50,8.14,NORMAL,1790477274839,0
50,10.94,NORMAL,1790477274900,0
50,8.75,NORMAL,1790477274962,0
50,8.34,NORMAL,1790477275025,0
50,200.00,FRAUD_DEVIATION,1790477275085,1
51,0.50,NOISE_SMALL,1790477275198,0
51,800.00,NOISE_LARGE,1790477276715,0
52,10.36,FRAUD_HIGHFREQ,1790477276865,1
52,5.52,FRAUD_HIGHFREQ,1790477276898,1
52,7.94,FRAUD_HIGHFREQ,1790477276929,1
52,13.95,FRAUD_HIGHFREQ,1790477276976,1
52,12.04,FRAUD_HIGHFREQ,1790477277021,1
52,14.61,FRAUD_HIGHFREQ,1790477277066,1
52,10.62,FRAUD_HIGHFREQ,1790477277097,1
52,6.72,FRAUD_HIGHFREQ,1790477277128,1
52,7.18,FRAUD_HIGHFREQ,1790477277179,1
52,6.83,FRAUD_HIGHFREQ,1790477277225,1
53,0.50,NOISE_SMALL,1790477277378,0
53,800.00,NOISE_LARGE,1790477278893,0
54,53.70,NORMAL,1790477279010,0
55,21.64,NORMAL,1790477279156,0
56,45.49,NORMAL,1790477279285,0
57,0.50,FRAUD_SMALL,1790477279395,1
57,800.00,FRAUD_LARGE,1790477279702,1
58,0.40,FRAUD_R4_STEP1,1790477279809,1
58,0.60,FRAUD_R4_STEP2,1790477280010,1
58,900.00,FRAUD_R4_LARGE,1790477280216,1
59,50.76,NORMAL,1790477280333,0
60,86.40,NORMAL,1790477280434,0
61,102.10,NORMAL,1790477280561,0
62,10.61,NORMAL,1790477280669,0
62,12.00,NORMAL,1790477280734,0
62,11.67,NORMAL,1790477280801,0
62,10.93,NORMAL,1790477280863,0
62,10.15,NORMAL,1790477280924,0
62,9.05,NORMAL,1790477280982,0
62,9.06,NORMAL,1790477281041,0
62,10.96,NORMAL,1790477281102,0
62,8.77,NORMAL,1790477281174,0
62,8.66,NORMAL,1790477281228,0
62,200.00,FRAUD_DEVIATION,1790477281303,1
63,0.50,NOISE_SMALL,1790477281417,0
63,800.00,NOISE_LARGE,1790477282917,0
64,78.60,NORMAL,1790477283026,0
65,65.74,NORMAL,1790477283137,0
66,86.68,NORMAL,1790477283245,0
67,0.40,FRAUD_R4_STEP1,1790477283351,1
67,0.60,FRAUD_R4_STEP2,1790477283555,1
67,900.00,FRAUD_R4_LARGE,1790477283757,1
68,8.69,NORMAL,1790477283881,0
68,9.09,NORMAL,1790477283945,0
68,8.30,NORMAL,1790477284018,0
68,9.40,NORMAL,1790477284126,0
68,10.51,NORMAL,1790477284176,0
68,10.27,NORMAL,1790477284238,0
68,8.24,NORMAL,1790477284301,0
68,9.26,NORMAL,1790477284367,0
68,10.22,NORMAL,1790477284427,0
68,11.92,NORMAL,1790477284488,0
68,200.00,FRAUD_DEVIATION,1790477284552,1
69,28.58,LATE_NORMAL,1790477282705,0
70,0.50,NOISE_SMALL,1790477284819,0
70,800.00,NOISE_LARGE,1790477286385,0
71,83.07,NORMAL,1790477286489,0
72,0.50,NOISE_SMALL,1790477286603,0
72,800.00,NOISE_LARGE,1790477288112,0
73,23.98,NORMAL,1790477288222,0
74,86.31,NORMAL,1790477288330,0
75,47.38,NORMAL,1790477288438,0
76,7.86,FRAUD_HIGHFREQ,1790477288550,1
76,12.23,FRAUD_HIGHFREQ,1790477288594,1
76,7.25,FRAUD_HIGHFREQ,1790477288633,1
76,11.19,FRAUD_HIGHFREQ,1790477288677,1
76,13.21,FRAUD_HIGHFREQ,1790477288721,1
76,11.20,FRAUD_HIGHFREQ,1790477288764,1
76,5.75,FRAUD_HIGHFREQ,1790477288795,1
76,5.09,FRAUD_HIGHFREQ,1790477288826,1
76,5.25,FRAUD_HIGHFREQ,1790477288871,1
76,14.39,FRAUD_HIGHFREQ,1790477288902,1
77,0.50,FRAUD_SMALL,1790477289044,1
77,800.00,FRAUD_LARGE,1790477289351,1
78,90.06,NORMAL,1790477289460,0
79,56.24,NORMAL,1790477289568,0
80,0.40,FRAUD_R4_STEP1,1790477289676,1
80,0.60,FRAUD_R4_STEP2,1790477289876,1
80,900.00,FRAUD_R4_LARGE,1790477290076,1
81,8.47,NORMAL,1790477290184,0
82,0.50,NOISE_SMALL,1790477290293,0
82,800.00,NOISE_LARGE,1790477291808,0
83,72.79,NORMAL,1790477291916,0
84,0.50,FRAUD_SMALL,1790477292023,1
84,800.00,FRAUD_LARGE,1790477292333,1
85,101.16,NORMAL,1790477292444,0
86,67.35,NORMAL,1790477292552,0
87,49.98,NORMAL,1790477292659,0
88,0.50,FRAUD_SMALL,1790477292769,1
88,800.00,FRAUD_LARGE,1790477293079,1
89,0.50,FRAUD_SMALL,1790477293189,1
89,800.00,FRAUD_LARGE,1790477293500,1
90,0.50,FRAUD_SMALL,1790477293608,1
90,800.00,FRAUD_LARGE,1790477293921,1
91,0.40,FRAUD_R4_STEP1,1790477294041,1
91,0.60,FRAUD_R4_STEP2,1790477294252,1
91,900.00,FRAUD_R4_LARGE,1790477294454,1
92,29.62,NORMAL,1790477294564,0
93,0.50,NOISE_SMALL,1790477294687,0
93,800.00,NOISE_LARGE,1790477296193,0
94,0.50,FRAUD_SMALL,1790477296300,1
94,800.00,FRAUD_LARGE,1790477296617,1
95,40.12,NORMAL,1790477296720,0
96,34.19,NORMAL,1790477296830,0
97,10.88,NORMAL,1790477296937,0
97,10.02,NORMAL,1790477296999,0
97,8.69,NORMAL,1790477297063,0
97,9.20,NORMAL,1790477297126,0
97,10.10,NORMAL,1790477297186,0
97,11.75,NORMAL,1790477297248,0
97,8.29,NORMAL,1790477297312,0
97,11.32,NORMAL,1790477297375,0
97,8.43,NORMAL,1790477297451,0
97,9.03,NORMAL,1790477297523,0
97,200.00,FRAUD_DEVIATION,1790477297579,1
98,0.50,FRAUD_SMALL,1790477297686,1
98,800.00,FRAUD_LARGE,1790477297997,1
99,43.68,NORMAL,1790477298105,0
100,82.66,NORMAL,1790477298225,0
101,59.96,NORMAL,1790477298339,0
102,10.89,NORMAL,1790477298447,0
102,8.79,NORMAL,1790477298509,0
102,10.79,NORMAL,1790477298572,0
102,11.31,NORMAL,1790477298635,0
102,8.07,NORMAL,1790477298695,0
102,9.53,NORMAL,1790477298756,0
102,9.92,NORMAL,1790477298826,0
102,11.72,NORMAL,1790477298881,0
102,9.01,NORMAL,1790477298945,0
102,11.80,NORMAL,1790477299039,0
102,200.00,FRAUD_DEVIATION,1790477299113,1
103,0.40,FRAUD_R4_STEP1,1790477299225,1
103,0.60,FRAUD_R4_STEP2,1790477299456,1
103,900.00,FRAUD_R4_LARGE,1790477299674,1
104,0.50,FRAUD_SMALL,1790477299821,1
104,800.00,FRAUD_LARGE,1790477300122,1
105,85.64,NORMAL,1790477300235,0
106,21.11,NORMAL,1790477300339,0
107,79.72,NORMAL,1790477300448,0
108,20.34,NORMAL,1790477300555,0
109,18.35,LATE_NORMAL,1790477298662,0
110,0.50,NOISE_SMALL,1790477300771,0
110,800.00,NOISE_LARGE,1790477302279,0
111,81.04,NORMAL,1790477302394,0
112,18.85,LATE_NORMAL,1790477300505,0
113,73.94,NORMAL,1790477302633,0
114,0.50,NOISE_SMALL,1790477302747,0
114,800.00,NOISE_LARGE,1790477304257,0
115,0.50,NOISE_SMALL,1790477304365,0
115,800.00,NOISE_LARGE,1790477305873,0
116,92.36,NORMAL,1790477305987,0
117,67.93,NORMAL,1790477306103,0
118,0.50,FRAUD_SMALL,1790477306216,1
118,800.00,FRAUD_LARGE,1790477306527,1
119,0.50,FRAUD_SMALL,1790477306635,1
119,800.00,FRAUD_LARGE,1790477306946,1
120,0.40,FRAUD_R4_STEP1,1790477307055,1
120,0.60,FRAUD_R4_STEP2,1790477307256,1
120,900.00,FRAUD_R4_LARGE,1790477307458,1
121,0.50,FRAUD_SMALL,1790477307576,1
121,800.00,FRAUD_LARGE,1790477307893,1
122,30.85,NORMAL,1790477308006,0
123,0.50,NOISE_SMALL,1790477308112,0
123,800.00,NOISE_LARGE,1790477309617,0
124,0.40,FRAUD_R4_STEP1,1790477309727,1
124,0.60,FRAUD_R4_STEP2,1790477309948,1
124,900.00,FRAUD_R4_LARGE,1790477310158,1
125,41.31,NORMAL,1790477310291,0
126,0.50,FRAUD_SMALL,1790477310407,1
126,800.00,FRAUD_LARGE,1790477310811,1
127,10.65,NORMAL,1790477310928,0
127,9.21,NORMAL,1790477310982,0
127,10.16,NORMAL,1790477311046,0
127,9.21,NORMAL,1790477311107,0
127,10.05,NORMAL,1790477311167,0
127,11.98,NORMAL,1790477311228,0
127,9.85,NORMAL,1790477311292,0
127,10.38,NORMAL,1790477311356,0
127,11.28,NORMAL,1790477311416,0
127,10.65,NORMAL,1790477311477,0
127,200.00,FRAUD_DEVIATION,1790477311539,1
128,37.18,NORMAL,1790477311647,0
129,0.50,FRAUD_SMALL,1790477311753,1
129,800.00,FRAUD_LARGE,1790477312067,1
130,67.64,NORMAL,1790477312183,0
131,12.46,NORMAL,1790477312289,0
132,0.40,FRAUD_R4_STEP1,1790477312398,1
132,0.60,FRAUD_R4_STEP2,1790477312601,1
132,900.00,FRAUD_R4_LARGE,1790477312806,1
133,0.50,FRAUD_SMALL,1790477312914,1
133,800.00,FRAUD_LARGE,1790477313244,1
134,61.01,NORMAL,1790477313348,0
135,0.40,FRAUD_R4_STEP1,1790477313455,1
135,0.60,FRAUD_R4_STEP2,1790477313655,1
135,900.00,FRAUD_R4_LARGE,1790477313857,1
136,0.50,FRAUD_SMALL,1790477313964,1
136,800.00,FRAUD_LARGE,1790477314273,1
137,13.37,FRAUD_HIGHFREQ,1790477314378,1
137,14.52,FRAUD_HIGHFREQ,1790477314409,1
137,8.94,FRAUD_HIGHFREQ,1790477314464,1
137,9.96,FRAUD_HIGHFREQ,1790477314503,1
137,7.42,FRAUD_HIGHFREQ,1790477314551,1
137,6.33,FRAUD_HIGHFREQ,1790477314593,1
137,13.12,FRAUD_HIGHFREQ,1790477314624,1
137,6.87,FRAUD_HIGHFREQ,1790477314656,1
137,7.14,FRAUD_HIGHFREQ,1790477314687,1
137,6.27,FRAUD_HIGHFREQ,1790477314747,1
138,0.50,NOISE_SMALL,1790477314888,0
138,800.00,NOISE_LARGE,1790477316403,0
139,24.12,NORMAL,1790477316513,0
140,94.26,NORMAL,1790477316624,0
141,0.40,FRAUD_R4_STEP1,1790477316728,1
141,0.60,FRAUD_R4_STEP2,1790477316930,1
141,900.00,FRAUD_R4_LARGE,1790477317133,1
142,0.40,FRAUD_R4_STEP1,1790477317241,1
142,0.60,FRAUD_R4_STEP2,1790477317444,1
142,900.00,FRAUD_R4_LARGE,1790477317645,1
143,0.50,NOISE_SMALL,1790477317755,0
143,800.00,NOISE_LARGE,1790477319262,0
144,0.50,FRAUD_SMALL,1790477319372,1
144,800.00,FRAUD_LARGE,1790477319684,1
145,43.44,NORMAL,1790477319807,0
146,47.85,NORMAL,1790477319964,0
147,47.61,NORMAL,1790477320071,0
148,27.65,NORMAL,1790477320179,0
149,37.60,NORMAL,1790477320287,0
150,36.86,NORMAL,1790477320399,0
151,57.31,NORMAL,1790477320507,0
152,29.01,LATE_NORMAL,1790477318614,0
153,0.40,FRAUD_R4_STEP1,1790477320722,1
153,0.60,FRAUD_R4_STEP2,1790477320923,1
153,900.00,FRAUD_R4_LARGE,1790477321130,1
154,6.50,FRAUD_HIGHFREQ,1790477321232,1
154,6.56,FRAUD_HIGHFREQ,1790477321265,1
154,14.37,FRAUD_HIGHFREQ,1790477321310,1
154,5.36,FRAUD_HIGHFREQ,1790477321356,1
154,14.83,FRAUD_HIGHFREQ,1790477321389,1
154,10.64,FRAUD_HIGHFREQ,1790477321434,1
154,7.35,FRAUD_HIGHFREQ,1790477321484,1
154,7.02,FRAUD_HIGHFREQ,1790477321528,1
154,6.66,FRAUD_HIGHFREQ,1790477321559,1
154,10.41,FRAUD_HIGHFREQ,1790477321603,1
155,56.70,NORMAL,1790477321744,0
156,19.44,NORMAL,1790477321850,0
157,0.50,FRAUD_SMALL,1790477321958,1
157,800.00,FRAUD_LARGE,1790477322268,1
158,9.92,NORMAL,1790477322376,0
158,11.39,NORMAL,1790477322437,0
158,11.70,NORMAL,1790477322501,0
158,9.29,NORMAL,1790477322564,0
158,11.00,NORMAL,1790477322627,0
158,11.28,NORMAL,1790477322688,0
158,9.90,NORMAL,1790477322749,0
158,8.30,NORMAL,1790477322834,0
158,10.59,NORMAL,1790477322888,0
158,11.16,NORMAL,1790477322956,0
158,200.00,FRAUD_DEVIATION,1790477323056,1
159,5.78,FRAUD_HIGHFREQ,1790477323174,1
159,8.05,FRAUD_HIGHFREQ,1790477323233,1
159,13.63,FRAUD_HIGHFREQ,1790477323276,1
159,8.92,FRAUD_HIGHFREQ,1790477323308,1
159,14.02,FRAUD_HIGHFREQ,1790477323369,1
159,10.61,FRAUD_HIGHFREQ,1790477323403,1
159,8.68,FRAUD_HIGHFREQ,1790477323448,1
159,9.67,FRAUD_HIGHFREQ,1790477323483,1
159,6.04,FRAUD_HIGHFREQ,1790477323526,1
159,13.06,FRAUD_HIGHFREQ,1790477323558,1
160,0.50,NOISE_SMALL,1790477323699,0
160,800.00,NOISE_LARGE,1790477325200,0
161,11.78,FRAUD_HIGHFREQ,1790477325309,1
161,11.14,FRAUD_HIGHFREQ,1790477325341,1
161,5.86,FRAUD_HIGHFREQ,1790477325373,1
161,9.23,FRAUD_HIGHFREQ,1790477325404,1
161,7.01,FRAUD_HIGHFREQ,1790477325435,1
161,5.59,FRAUD_HIGHFREQ,1790477325472,1
161,9.10,FRAUD_HIGHFREQ,1790477325514,1
161,14.73,FRAUD_HIGHFREQ,1790477325545,1
161,9.67,FRAUD_HIGHFREQ,1790477325577,1
161,11.56,FRAUD_HIGHFREQ,1790477325623,1
162,43.45,LATE_NORMAL,1790477323764,0
163,26.15,LATE_NORMAL,1790477323872,0
164,15.85,NORMAL,1790477325981,0
165,24.44,NORMAL,1790477326089,0
166,11.83,FRAUD_HIGHFREQ,1790477326199,1
166,5.90,FRAUD_HIGHFREQ,1790477326230,1
166,8.75,FRAUD_HIGHFREQ,1790477326261,1
166,5.32,FRAUD_HIGHFREQ,1790477326291,1
166,11.15,FRAUD_HIGHFREQ,1790477326323,1
166,10.91,FRAUD_HIGHFREQ,1790477326354,1
166,10.28,FRAUD_HIGHFREQ,1790477326386,1
166,8.31,FRAUD_HIGHFREQ,1790477326416,1
166,9.47,FRAUD_HIGHFREQ,1790477326449,1
166,6.43,FRAUD_HIGHFREQ,1790477326479,1
167,39.80,LATE_NORMAL,1790477324620,0
168,44.49,NORMAL,1790477326728,0
169,46.23,NORMAL,1790477326840,0
170,0.50,NOISE_SMALL,1790477326949,0
170,800.00,NOISE_LARGE,1790477328458,0
171,0.50,FRAUD_SMALL,1790477328566,1
171,800.00,FRAUD_LARGE,1790477328881,1
172,82.35,NORMAL,1790477328988,0
173,0.40,FRAUD_R4_STEP1,1790477329099,1
173,0.60,FRAUD_R4_STEP2,1790477329301,1
173,900.00,FRAUD_R4_LARGE,1790477329505,1
174,0.50,FRAUD_SMALL,1790477329614,1
174,800.00,FRAUD_LARGE,1790477329924,1
175,101.16,NORMAL,1790477330033,0
176,98.06,NORMAL,1790477330142,0
177,81.00,NORMAL,1790477330249,0
178,0.40,FRAUD_R4_STEP1,1790477330362,1
178,0.60,FRAUD_R4_STEP2,1790477330576,1
178,900.00,FRAUD_R4_LARGE,1790477330778,1
179,0.50,FRAUD_SMALL,1790477330885,1
179,800.00,FRAUD_LARGE,1790477331195,1
180,0.50,NOISE_SMALL,1790477331305,0
180,800.00,NOISE_LARGE,1790477332817,0
181,0.50,FRAUD_SMALL,1790477332931,1
181,800.00,FRAUD_LARGE,1790477333246,1
182,60.44,NORMAL,1790477333401,0
183,31.74,NORMAL,1790477333507,0
184,14.94,FRAUD_HIGHFREQ,1790477333616,1
184,9.79,FRAUD_HIGHFREQ,1790477333647,1
184,9.23,FRAUD_HIGHFREQ,1790477333677,1
184,9.44,FRAUD_HIGHFREQ,1790477333709,1
184,13.71,FRAUD_HIGHFREQ,1790477333742,1
184,12.53,FRAUD_HIGHFREQ,1790477333773,1
184,11.51,FRAUD_HIGHFREQ,1790477333809,1
184,11.78,FRAUD_HIGHFREQ,1790477333867,1
184,10.44,FRAUD_HIGHFREQ,1790477333907,1
184,9.46,FRAUD_HIGHFREQ,1790477333953,1
185,95.00,NORMAL,1790477334134,0
186,45.67,NORMAL,1790477334244,0
187,26.17,LATE_NORMAL,1790477332384,0
188,31.64,NORMAL,1790477334492,0
189,52.63,NORMAL,1790477334603,0
190,26.63,LATE_NORMAL,1790477332711,0
191,0.50,FRAUD_SMALL,1790477334817,1
191,800.00,FRAUD_LARGE,1790477335131,1
192,38.30,NORMAL,1790477335273,0
193,32.20,NORMAL,1790477335396,0
194,35.85,NORMAL,1790477335522,0
195,82.60,NORMAL,1790477335628,0
196,35.56,NORMAL,1790477335736,0
197,66.61,NORMAL,1790477335847,0
198,0.50,NOISE_SMALL,1790477335953,0
198,800.00,NOISE_LARGE,1790477337459,0
199,37.29,LATE_NORMAL,1790477335575,0
200,0.50,FRAUD_SMALL,1790477337688,1
200,800.00,FRAUD_LARGE,1790477337999,1
1,80.55,NORMAL,1790477338110,0
2,77.44,NORMAL,1790477338218,0
3,63.42,NORMAL,1790477338321,0
4,28.62,NORMAL,1790477338430,0
5,9.70,NORMAL,1790477338539,0
6,33.82,NORMAL,1790477338651,0
7,18.15,NORMAL,1790477338762,0
8,0.40,FRAUD_R4_STEP1,1790477338884,1
8,0.60,FRAUD_R4_STEP2,1790477339101,1
8,900.00,FRAUD_R4_LARGE,1790477339305,1
9,55.15,NORMAL,1790477339409,0
10,9.88,NORMAL,1790477339517,0
11,90.82,NORMAL,1790477339624,0
12,14.05,NORMAL,1790477339738,0
13,0.50,FRAUD_SMALL,1790477339844,1
13,800.00,FRAUD_LARGE,1790477340155,1
14,64.11,NORMAL,1790477340301,0
15,88.38,NORMAL,1790477340417,0
16,0.50,FRAUD_SMALL,1790477340522,1
16,800.00,FRAUD_LARGE,1790477340830,1
17,9.00,NORMAL,1790477340939,0
17,8.54,NORMAL,1790477341006,0
17,8.12,NORMAL,1790477341066,0
17,9.51,NORMAL,1790477341131,0
17,9.79,NORMAL,1790477341186,0
17,11.99,NORMAL,1790477341248,0
17,8.71,NORMAL,1790477341309,0
17,10.12,NORMAL,1790477341386,0
17,9.66,NORMAL,1790477341448,0
17,11.45,NORMAL,1790477341510,0
17,200.00,FRAUD_DEVIATION,1790477341573,1
18,43.42,LATE_NORMAL,1790477339681,0
19,10.52,NORMAL,1790477341787,0
19,10.53,NORMAL,1790477341849,0
19,8.97,NORMAL,1790477341911,0
19,10.35,NORMAL,1790477341972,0
19,8.37,NORMAL,1790477342035,0
19,10.80,NORMAL,1790477342097,0
19,9.66,NORMAL,1790477342160,0
19,9.38,NORMAL,1790477342223,0
19,10.51,NORMAL,1790477342286,0
19,11.99,NORMAL,1790477342347,0
19,200.00,FRAUD_DEVIATION,1790477342407,1
20,87.06,NORMAL,1790477342515,0
21,0.50,NOISE_SMALL,1790477342623,0
21,800.00,NOISE_LARGE,1790477344133,0
22,9.01,NORMAL,1790477344245,0
22,11.03,NORMAL,1790477344302,0
22,10.20,NORMAL,1790477344374,0
22,11.90,NORMAL,1790477344429,0
22,9.57,NORMAL,1790477344488,0
22,10.58,NORMAL,1790477344550,0
22,9.78,NORMAL,1790477344613,0
22,8.43,NORMAL,1790477344675,0
22,11.98,NORMAL,1790477344741,0
22,8.79,NORMAL,1790477344798,0
22,200.00,FRAUD_DEVIATION,1790477344864,1
23,30.32,NORMAL,1790477344975,0
24,28.00,NORMAL,1790477345078,0
25,96.48,NORMAL,1790477345186,0
26,0.40,FRAUD_R4_STEP1,1790477345304,1
26,0.60,FRAUD_R4_STEP2,1790477345512,1
26,900.00,FRAUD_R4_LARGE,1790477345717,1
27,0.50,NOISE_SMALL,1790477345835,0
27,800.00,NOISE_LARGE,1790477347364,0
28,0.50,FRAUD_SMALL,1790477347467,1
28,800.00,FRAUD_LARGE,1790477347780,1
29,8.83,FRAUD_HIGHFREQ,1790477347895,1
29,11.10,FRAUD_HIGHFREQ,1790477347943,1
29,13.85,FRAUD_HIGHFREQ,1790477347986,1
29,6.18,FRAUD_HIGHFREQ,1790477348017,1
29,7.88,FRAUD_HIGHFREQ,1790477348048,1
29,6.47,FRAUD_HIGHFREQ,1790477348079,1
29,5.26,FRAUD_HIGHFREQ,1790477348110,1
29,6.06,FRAUD_HIGHFREQ,1790477348141,1
29,8.10,FRAUD_HIGHFREQ,1790477348171,1
29,10.57,FRAUD_HIGHFREQ,1790477348202,1
30,0.50,NOISE_SMALL,1790477348342,0
30,800.00,NOISE_LARGE,1790477349895,0
31,78.45,NORMAL,1790477350045,0
32,0.50,FRAUD_SMALL,1790477350169,1
32,800.00,FRAUD_LARGE,1790477350491,1
33,23.58,NORMAL,1790477350602,0
34,11.56,NORMAL,1790477350711,0
34,10.89,NORMAL,1790477350773,0
34,10.81,NORMAL,1790477350834,0
34,8.84,NORMAL,1790477350898,0
34,11.01,NORMAL,1790477350957,0
34,9.98,NORMAL,1790477351030,0
34,8.92,NORMAL,1790477351081,0
34,10.94,NORMAL,1790477351154,0
34,9.23,NORMAL,1790477351206,0
34,8.31,NORMAL,1790477351270,0
34,200.00,FRAUD_DEVIATION,1790477351330,1
35,13.68,FRAUD_HIGHFREQ,1790477351447,1
35,12.86,FRAUD_HIGHFREQ,1790477351506,1
35,14.26,FRAUD_HIGHFREQ,1790477351552,1
35,7.73,FRAUD_HIGHFREQ,1790477351597,1
35,13.28,FRAUD_HIGHFREQ,1790477351648,1
35,5.53,FRAUD_HIGHFREQ,1790477351690,1
35,13.01,FRAUD_HIGHFREQ,1790477351736,1
35,13.40,FRAUD_HIGHFREQ,1790477351767,1
35,6.85,FRAUD_HIGHFREQ,1790477351800,1
35,8.92,FRAUD_HIGHFREQ,1790477351846,1
36,0.50,FRAUD_SMALL,1790477351985,1
36,800.00,FRAUD_LARGE,1790477352297,1
37,0.40,FRAUD_R4_STEP1,1790477352411,1
37,0.60,FRAUD_R4_STEP2,1790477352630,1
37,900.00,FRAUD_R4_LARGE,1790477352842,1
38,44.24,LATE_NORMAL,1790477350950,0
39,92.47,NORMAL,1790477353060,0
40,34.40,LATE_NORMAL,1790477351166,0
41,80.03,NORMAL,1790477353273,0
42,85.35,NORMAL,1790477353380,0
43,0.50,FRAUD_SMALL,1790477353489,1
43,800.00,FRAUD_LARGE,1790477353789,1
44,0.50,FRAUD_SMALL,1790477353897,1
44,800.00,FRAUD_LARGE,1790477354207,1
45,87.12,NORMAL,1790477354319,0
46,26.52,LATE_NORMAL,1790477352425,0
47,76.40,NORMAL,1790477354533,0
48,29.47,NORMAL,1790477354642,0
49,9.31,FRAUD_HIGHFREQ,1790477354750,1
49,9.88,FRAUD_HIGHFREQ,1790477354786,1
49,13.06,FRAUD_HIGHFREQ,1790477354829,1
49,6.53,FRAUD_HIGHFREQ,1790477354860,1
49,9.82,FRAUD_HIGHFREQ,1790477354892,1
49,10.47,FRAUD_HIGHFREQ,1790477354923,1
49,13.97,FRAUD_HIGHFREQ,1790477354955,1
49,13.51,FRAUD_HIGHFREQ,1790477354985,1
49,8.91,FRAUD_HIGHFREQ,1790477355017,1
49,6.98,FRAUD_HIGHFREQ,1790477355048,1
50,0.50,FRAUD_SMALL,1790477355226,1
50,800.00,FRAUD_LARGE,1790477355533,1
51,0.50,NOISE_SMALL,1790477355638,0
51,800.00,NOISE_LARGE,1790477357150,0
52,17.31,NORMAL,1790477357257,0
53,26.50,NORMAL,1790477357365,0
54,41.81,NORMAL,1790477357474,0
55,97.02,NORMAL,1790477357587,0
56,53.45,NORMAL,1790477357695,0
57,9.16,NORMAL,1790477357804,0
57,9.70,NORMAL,1790477357872,0
57,10.11,NORMAL,1790477357930,0
57,8.38,NORMAL,1790477357992,0
57,9.40,NORMAL,1790477358055,0
57,9.60,NORMAL,1790477358117,0
57,10.68,NORMAL,1790477358183,0
57,9.36,NORMAL,1790477358242,0
57,11.91,NORMAL,1790477358307,0
57,10.77,NORMAL,1790477358373,0
57,200.00,FRAUD_DEVIATION,1790477358430,1
58,31.96,NORMAL,1790477358536,0
59,0.50,FRAUD_SMALL,1790477358647,1
59,800.00,FRAUD_LARGE,1790477358980,1
60,42.57,NORMAL,1790477359113,0
61,0.50,NOISE_SMALL,1790477359232,0
61,800.00,NOISE_LARGE,1790477360737,0
62,31.58,NORMAL,1790477360846,0
63,37.05,NORMAL,1790477360992,0
64,10.32,NORMAL,1790477361093,0
65,79.81,NORMAL,1790477361203,0
66,0.50,NOISE_SMALL,1790477361313,0
66,800.00,NOISE_LARGE,1790477362817,0
67,0.40,FRAUD_R4_STEP1,1790477362926,1
67,0.60,FRAUD_R4_STEP2,1790477363128,1
67,900.00,FRAUD_R4_LARGE,1790477363329,1
68,14.26,NORMAL,1790477363439,0
69,76.20,NORMAL,1790477363568,0
70,0.50,NOISE_SMALL,1790477363672,0
70,800.00,NOISE_LARGE,1790477365186,0
71,13.97,FRAUD_HIGHFREQ,1790477365293,1
71,9.62,FRAUD_HIGHFREQ,1790477365325,1
71,6.99,FRAUD_HIGHFREQ,1790477365369,1
71,6.70,FRAUD_HIGHFREQ,1790477365430,1
71,12.30,FRAUD_HIGHFREQ,1790477365464,1
71,10.42,FRAUD_HIGHFREQ,1790477365511,1
71,8.00,FRAUD_HIGHFREQ,1790477365555,1
71,8.01,FRAUD_HIGHFREQ,1790477365586,1
71,14.40,FRAUD_HIGHFREQ,1790477365617,1
71,9.76,FRAUD_HIGHFREQ,1790477365664,1
72,36.20,LATE_NORMAL,1790477363803,0
73,5.66,NORMAL,1790477365912,0
74,69.56,NORMAL,1790477366022,0
75,68.79,NORMAL,1790477366130,0
76,89.53,NORMAL,1790477366239,0
77,0.50,NOISE_SMALL,1790477366349,0
77,800.00,NOISE_LARGE,1790477367856,0
78,22.29,LATE_NORMAL,1790477365966,0
79,9.41,NORMAL,1790477368076,0
79,8.59,NORMAL,1790477368136,0
79,9.07,NORMAL,1790477368198,0
79,9.96,NORMAL,1790477368267,0
79,8.67,NORMAL,1790477368323,0
79,10.90,NORMAL,1790477368386,0
79,10.91,NORMAL,1790477368450,0
79,11.43,NORMAL,1790477368513,0
79,11.51,NORMAL,1790477368574,0
79,10.04,NORMAL,1790477368636,0
79,200.00,FRAUD_DEVIATION,1790477368698,1
80,9.24,FRAUD_HIGHFREQ,1790477368814,1
80,7.70,FRAUD_HIGHFREQ,1790477368860,1
80,6.40,FRAUD_HIGHFREQ,1790477368904,1
80,11.06,FRAUD_HIGHFREQ,1790477368949,1
80,10.60,FRAUD_HIGHFREQ,1790477368998,1
80,7.88,FRAUD_HIGHFREQ,1790477369040,1
80,9.24,FRAUD_HIGHFREQ,1790477369071,1
80,14.52,FRAUD_HIGHFREQ,1790477369104,1
80,5.39,FRAUD_HIGHFREQ,1790477369135,1
80,11.30,FRAUD_HIGHFREQ,1790477369166,1
81,90.15,NORMAL,1790477369307,0
82,25.91,NORMAL,1790477369417,0
83,66.34,NORMAL,1790477369524,0
84,0.50,NOISE_SMALL,1790477369649,0
84,800.00,NOISE_LARGE,1790477371155,0
85,0.40,FRAUD_R4_STEP1,1790477371263,1
85,0.60,FRAUD_R4_STEP2,1790477371464,1
85,900.00,FRAUD_R4_LARGE,1790477371668,1
86,0.40,FRAUD_R4_STEP1,1790477371776,1
86,0.60,FRAUD_R4_STEP2,1790477371978,1
86,900.00,FRAUD_R4_LARGE,1790477372180,1
87,96.76,NORMAL,1790477372289,0
88,101.55,NORMAL,1790477372397,0
89,81.35,NORMAL,1790477372514,0
90,37.72,LATE_NORMAL,1790477370628,0
91,0.50,NOISE_SMALL,1790477372737,0
91,800.00,NOISE_LARGE,1790477374242,0
92,31.39,NORMAL,1790477374353,0
93,65.97,NORMAL,1790477374460,0
94,58.73,NORMAL,1790477374569,0
95,81.96,NORMAL,1790477374693,0
96,12.00,NORMAL,1790477374802,0
96,10.21,NORMAL,1790477374864,0
96,9.73,NORMAL,1790477374927,0
96,9.83,NORMAL,1790477374990,0
96,11.40,NORMAL,1790477375051,0
96,11.82,NORMAL,1790477375112,0
96,11.35,NORMAL,1790477375173,0
96,11.18,NORMAL,1790477375238,0
96,10.04,NORMAL,1790477375304,0
96,10.95,NORMAL,1790477375361,0
96,200.00,FRAUD_DEVIATION,1790477375423,1
97,0.40,FRAUD_R4_STEP1,1790477375532,1
97,0.60,FRAUD_R4_STEP2,1790477375735,1
97,900.00,FRAUD_R4_LARGE,1790477375938,1
98,12.64,FRAUD_HIGHFREQ,1790477376048,1
98,5.74,FRAUD_HIGHFREQ,1790477376094,1
98,12.13,FRAUD_HIGHFREQ,1790477376124,1
98,12.97,FRAUD_HIGHFREQ,1790477376155,1
98,12.82,FRAUD_HIGHFREQ,1790477376186,1
98,11.06,FRAUD_HIGHFREQ,1790477376223,1
98,11.35,FRAUD_HIGHFREQ,1790477376278,1
98,8.43,FRAUD_HIGHFREQ,1790477376310,1
98,10.03,FRAUD_HIGHFREQ,1790477376342,1
98,14.49,FRAUD_HIGHFREQ,1790477376373,1
99,0.40,FRAUD_R4_STEP1,1790477376511,1
99,0.60,FRAUD_R4_STEP2,1790477376713,1
99,900.00,FRAUD_R4_LARGE,1790477376916,1
100,0.50,NOISE_SMALL,1790477377025,0
100,800.00,NOISE_LARGE,1790477378534,0
101,0.50,FRAUD_SMALL,1790477378642,1
101,800.00,FRAUD_LARGE,1790477378953,1
102,0.50,FRAUD_SMALL,1790477379060,1
102,800.00,FRAUD_LARGE,1790477379383,1
103,11.99,NORMAL,1790477379493,0
103,11.98,NORMAL,1790477379555,0
103,8.54,NORMAL,1790477379617,0
103,10.13,NORMAL,1790477379680,0
103,9.87,NORMAL,1790477379744,0
103,9.28,NORMAL,1790477379805,0
103,8.47,NORMAL,1790477379864,0
103,9.84,NORMAL,1790477379926,0
103,8.29,NORMAL,1790477379987,0
103,9.80,NORMAL,1790477380053,0
103,200.00,FRAUD_DEVIATION,1790477380165,1
104,40.22,NORMAL,1790477380280,0
105,24.64,NORMAL,1790477380404,0
106,78.55,NORMAL,1790477380515,0
107,0.40,FRAUD_R4_STEP1,1790477380623,1
107,0.60,FRAUD_R4_STEP2,1790477380825,1
107,900.00,FRAUD_R4_LARGE,1790477381026,1
108,26.22,NORMAL,1790477381135,0
109,101.75,NORMAL,1790477381243,0
110,29.44,LATE_NORMAL,1790477379358,0
111,22.00,LATE_NORMAL,1790477379469,0
112,22.41,LATE_NORMAL,1790477379570,0
113,0.40,FRAUD_R4_STEP1,1790477381695,1
113,0.60,FRAUD_R4_STEP2,1790477381895,1
113,900.00,FRAUD_R4_LARGE,1790477382110,1
114,53.08,NORMAL,1790477382223,0
115,10.55,NORMAL,1790477382327,0
116,11.27,NORMAL,1790477382451,0
117,41.76,LATE_NORMAL,1790477380560,0
118,0.50,FRAUD_SMALL,1790477382668,1
118,800.00,FRAUD_LARGE,1790477383011,1
119,0.40,FRAUD_R4_STEP1,1790477383125,1
119,0.60,FRAUD_R4_STEP2,1790477383337,1
119,900.00,FRAUD_R4_LARGE,1790477383558,1
120,90.52,NORMAL,1790477383673,0
121,83.57,NORMAL,1790477383794,0
122,83.27,NORMAL,1790477383939,0
123,6.50,NORMAL,1790477384053,0
124,39.85,NORMAL,1790477384186,0
125,0.50,NOISE_SMALL,1790477384334,0
125,800.00,NOISE_LARGE,1790477385849,0
126,14.34,NORMAL,1790477385954,0
127,36.77,NORMAL,1790477386070,0
128,0.50,NOISE_SMALL,1790477386196,0
128,800.00,NOISE_LARGE,1790477387714,0
129,13.00,NORMAL,1790477387819,0
130,0.50,FRAUD_SMALL,1790477387929,1
130,800.00,FRAUD_LARGE,1790477388329,1
131,0.50,FRAUD_SMALL,1790477388476,1
131,800.00,FRAUD_LARGE,1790477388803,1
132,11.03,NORMAL,1790477389004,0
132,11.15,NORMAL,1790477389114,0
132,9.12,NORMAL,1790477389201,0
132,8.43,NORMAL,1790477389270,0
132,9.38,NORMAL,1790477389327,0
132,9.07,NORMAL,1790477389391,0
132,9.69,NORMAL,1790477389528,0
132,8.73,NORMAL,1790477389587,0
132,8.20,NORMAL,1790477389648,0
132,9.46,NORMAL,1790477389710,0
132,200.00,FRAUD_DEVIATION,1790477389773,1
133,87.03,NORMAL,1790477389881,0
134,52.40,NORMAL,1790477389991,0
135,49.27,NORMAL,1790477390102,0
136,7.40,FRAUD_HIGHFREQ,1790477390206,1
136,14.04,FRAUD_HIGHFREQ,1790477390238,1
136,14.25,FRAUD_HIGHFREQ,1790477390286,1
136,10.22,FRAUD_HIGHFREQ,1790477390345,1
136,5.48,FRAUD_HIGHFREQ,1790477390380,1
136,11.42,FRAUD_HIGHFREQ,1790477390427,1
136,14.82,FRAUD_HIGHFREQ,1790477390471,1
136,9.80,FRAUD_HIGHFREQ,1790477390502,1
136,12.21,FRAUD_HIGHFREQ,1790477390537,1
136,6.32,FRAUD_HIGHFREQ,1790477390577,1
137,63.53,NORMAL,1790477390717,0
138,0.50,NOISE_SMALL,1790477390864,0
138,800.00,NOISE_LARGE,1790477392371,0
139,49.14,NORMAL,1790477392480,0
140,40.06,NORMAL,1790477392589,0
141,0.50,NOISE_SMALL,1790477392695,0
141,800.00,NOISE_LARGE,1790477394200,0
142,41.85,LATE_NORMAL,1790477392309,0
143,61.98,NORMAL,1790477394418,0
144,65.47,NORMAL,1790477394527,0
145,0.40,FRAUD_R4_STEP1,1790477394635,1
145,0.60,FRAUD_R4_STEP2,1790477394837,1
145,900.00,FRAUD_R4_LARGE,1790477395040,1
146,17.43,LATE_NORMAL,1790477393150,0
147,24.37,LATE_NORMAL,1790477393259,0
148,67.57,NORMAL,1790477395392,0
149,25.01,LATE_NORMAL,1790477393505,0
150,0.50,FRAUD_SMALL,1790477395615,1
150,800.00,FRAUD_LARGE,1790477395927,1
151,0.50,FRAUD_SMALL,1790477396041,1
151,800.00,FRAUD_LARGE,1790477396350,1
152,0.50,FRAUD_SMALL,1790477396458,1
152,800.00,FRAUD_LARGE,1790477396766,1
153,17.09,NORMAL,1790477396874,0
154,102.14,NORMAL,1790477396989,0
155,0.40,FRAUD_R4_STEP1,1790477397124,1
155,0.60,FRAUD_R4_STEP2,1790477397338,1
155,900.00,FRAUD_R4_LARGE,1790477397553,1
156,0.40,FRAUD_R4_STEP1,1790477397662,1
156,0.60,FRAUD_R4_STEP2,1790477397863,1
156,900.00,FRAUD_R4_LARGE,1790477398064,1
157,85.12,NORMAL,1790477398173,0
158,50.28,NORMAL,1790477398298,0
159,92.09,NORMAL,1790477398407,0
160,0.40,FRAUD_R4_STEP1,1790477398520,1
160,0.60,FRAUD_R4_STEP2,1790477398729,1
160,900.00,FRAUD_R4_LARGE,1790477398944,1
161,88.00,NORMAL,1790477399060,0
162,41.35,LATE_NORMAL,1790477397162,0
163,35.32,NORMAL,1790477399270,0
164,0.50,FRAUD_SMALL,1790477399377,1
164,800.00,FRAUD_LARGE,1790477399687,1
165,89.94,NORMAL,1790477399797,0
166,78.49,NORMAL,1790477399904,0
167,17.62,LATE_NORMAL,1790477398015,0
168,0.50,FRAUD_SMALL,1790477400153,1
168,800.00,FRAUD_LARGE,1790477400471,1
169,0.50,FRAUD_SMALL,1790477400574,1
169,800.00,FRAUD_LARGE,1790477400883,1
170,0.40,FRAUD_R4_STEP1,1790477400991,1
170,0.60,FRAUD_R4_STEP2,1790477401196,1
170,900.00,FRAUD_R4_LARGE,1790477401411,1
171,40.32,NORMAL,1790477401519,0
172,0.50,FRAUD_SMALL,1790477401632,1
172,800.00,FRAUD_LARGE,1790477401940,1
173,98.44,NORMAL,1790477402046,0
174,0.50,FRAUD_SMALL,1790477402155,1
174,800.00,FRAUD_LARGE,1790477402462,1
175,82.10,NORMAL,1790477402572,0
176,0.50,FRAUD_SMALL,1790477402697,1
176,800.00,FRAUD_LARGE,1790477403010,1
177,0.50,FRAUD_SMALL,1790477403117,1
177,800.00,FRAUD_LARGE,1790477403428,1
178,23.64,NORMAL,1790477403537,0
179,0.40,FRAUD_R4_STEP1,1790477403646,1
179,0.60,FRAUD_R4_STEP2,1790477403852,1
179,900.00,FRAUD_R4_LARGE,1790477404055,1
180,70.65,NORMAL,1790477404174,0
181,0.40,FRAUD_R4_STEP1,1790477404288,1
181,0.60,FRAUD_R4_STEP2,1790477404494,1
181,900.00,FRAUD_R4_LARGE,1790477404706,1
182,41.82,NORMAL,1790477404822,0
183,9.26,NORMAL,1790477404944,0
184,10.70,FRAUD_HIGHFREQ,1790477405050,1
184,7.27,FRAUD_HIGHFREQ,1790477405096,1
184,7.83,FRAUD_HIGHFREQ,1790477405146,1
184,8.62,FRAUD_HIGHFREQ,1790477405195,1
184,10.25,FRAUD_HIGHFREQ,1790477405235,1
184,11.09,FRAUD_HIGHFREQ,1790477405288,1
184,5.28,FRAUD_HIGHFREQ,1790477405360,1
184,6.94,FRAUD_HIGHFREQ,1790477405410,1
184,9.10,FRAUD_HIGHFREQ,1790477405458,1
184,9.66,FRAUD_HIGHFREQ,1790477405500,1
185,18.34,LATE_NORMAL,1790477403648,0
186,0.50,NOISE_SMALL,1790477405870,0
186,800.00,NOISE_LARGE,1790477407382,0
187,85.06,NORMAL,1790477407493,0
188,0.50,NOISE_SMALL,1790477407607,0
188,800.00,NOISE_LARGE,1790477409112,0
189,0.50,FRAUD_SMALL,1790477409232,1
189,800.00,FRAUD_LARGE,1790477409544,1
190,51.14,NORMAL,1790477409657,0
191,0.50,NOISE_SMALL,1790477409789,0
191,800.00,NOISE_LARGE,1790477411294,0
192,0.40,FRAUD_R4_STEP1,1790477411402,1
192,0.60,FRAUD_R4_STEP2,1790477411617,1
192,900.00,FRAUD_R4_LARGE,1790477411818,1
193,15.86,NORMAL,1790477411926,0
194,26.21,NORMAL,1790477412038,0
195,82.09,NORMAL,1790477412143,0
196,0.50,NOISE_SMALL,1790477412250,0
196,800.00,NOISE_LARGE,1790477413752,0
197,8.38,NORMAL,1790477413861,0
197,8.83,NORMAL,1790477413922,0
197,10.57,NORMAL,1790477413988,0
197,11.08,NORMAL,1790477414047,0
197,11.01,NORMAL,1790477414110,0
197,11.37,NORMAL,1790477414172,0
197,11.81,NORMAL,1790477414234,0
197,8.80,NORMAL,1790477414297,0
197,11.68,NORMAL,1790477414359,0
197,8.03,NORMAL,1790477414420,0
197,200.00,FRAUD_DEVIATION,1790477414482,1
198,0.40,FRAUD_R4_STEP1,1790477414590,1
198,0.60,FRAUD_R4_STEP2,1790477414793,1
198,900.00,FRAUD_R4_LARGE,1790477414999,1
199,51.20,NORMAL,1790477415111,0
200,14.42,FRAUD_HIGHFREQ,1790477415214,1
200,5.12,FRAUD_HIGHFREQ,1790477415260,1
200,5.85,FRAUD_HIGHFREQ,1790477415290,1
200,9.64,FRAUD_HIGHFREQ,1790477415321,1
200,12.40,FRAUD_HIGHFREQ,1790477415353,1
200,11.79,FRAUD_HIGHFREQ,1790477415402,1
200,12.31,FRAUD_HIGHFREQ,1790477415454,1
200,5.12,FRAUD_HIGHFREQ,1790477415509,1
200,6.17,FRAUD_HIGHFREQ,1790477415558,1
200,12.81,FRAUD_HIGHFREQ,1790477415611,1
1,11.76,NORMAL,1790477415755,0
1,8.34,NORMAL,1790477415829,0
1,11.74,NORMAL,1790477415881,0
1,8.39,NORMAL,1790477415946,0
1,10.15,NORMAL,1790477416025,0
1,10.01,NORMAL,1790477416081,0
1,10.81,NORMAL,1790477416143,0
1,11.28,NORMAL,1790477416206,0
1,10.29,NORMAL,1790477416269,0
1,10.81,NORMAL,1790477416332,0
1,200.00,FRAUD_DEVIATION,1790477416491,1
2,0.40,FRAUD_R4_STEP1,1790477416645,1
2,0.60,FRAUD_R4_STEP2,1790477416860,1
2,900.00,FRAUD_R4_LARGE,1790477417063,1
3,101.01,NORMAL,1790477417172,0
4,0.50,NOISE_SMALL,1790477417286,0
4,800.00,NOISE_LARGE,1790477418792,0
5,0.50,FRAUD_SMALL,1790477419050,1
5,800.00,FRAUD_LARGE,1790477419351,1
6,13.84,FRAUD_HIGHFREQ,1790477419490,1
6,13.23,FRAUD_HIGHFREQ,1790477419526,1
6,13.01,FRAUD_HIGHFREQ,1790477419568,1
6,9.24,FRAUD_HIGHFREQ,1790477419603,1
6,11.64,FRAUD_HIGHFREQ,1790477419655,1
6,8.64,FRAUD_HIGHFREQ,1790477419696,1
6,7.07,FRAUD_HIGHFREQ,1790477419742,1
6,7.18,FRAUD_HIGHFREQ,1790477419792,1
6,6.36,FRAUD_HIGHFREQ,1790477419838,1
6,13.25,FRAUD_HIGHFREQ,1790477419899,1
7,86.90,NORMAL,1790477420052,0
8,75.06,NORMAL,1790477420172,0
9,58.22,NORMAL,1790477420346,0
10,0.50,NOISE_SMALL,1790477420486,0
10,800.00,NOISE_LARGE,1790477421997,0
11,0.40,FRAUD_R4_STEP1,1790477422106,1
11,0.60,FRAUD_R4_STEP2,1790477422342,1
11,900.00,FRAUD_R4_LARGE,1790477422553,1
12,0.40,FRAUD_R4_STEP1,1790477422675,1
12,0.60,FRAUD_R4_STEP2,1790477422891,1
12,900.00,FRAUD_R4_LARGE,1790477423109,1
13,71.42,NORMAL,1790477423244,0
14,37.59,NORMAL,1790477423359,0
15,93.94,NORMAL,1790477423487,0
16,0.50,NOISE_SMALL,1790477423604,0
16,800.00,NOISE_LARGE,1790477425132,0
17,0.50,FRAUD_SMALL,1790477425246,1
17,800.00,FRAUD_LARGE,1790477425566,1
18,17.80,LATE_NORMAL,1790477423683,0
19,86.31,NORMAL,1790477425806,0
20,0.50,FRAUD_SMALL,1790477425916,1
20,800.00,FRAUD_LARGE,1790477426222,1
21,0.50,NOISE_SMALL,1790477426329,0
21,800.00,NOISE_LARGE,1790477427841,0
22,0.50,NOISE_SMALL,1790477427951,0
22,800.00,NOISE_LARGE,1790477429464,0
23,94.78,NORMAL,1790477429572,0
24,39.36,NORMAL,1790477429684,0
25,51.58,NORMAL,1790477429792,0
26,8.17,NORMAL,1790477429903,0
26,9.08,NORMAL,1790477429967,0
26,10.84,NORMAL,1790477430030,0
26,8.69,NORMAL,1790477430092,0
26,10.17,NORMAL,1790477430157,0
26,11.18,NORMAL,1790477430218,0
26,9.76,NORMAL,1790477430280,0
26,8.37,NORMAL,1790477430343,0
26,10.88,NORMAL,1790477430407,0
26,11.20,NORMAL,1790477430469,0
26,200.00,FRAUD_DEVIATION,1790477430532,1
27,49.63,NORMAL,1790477430640,0
28,0.50,NOISE_SMALL,1790477430747,0
28,800.00,NOISE_LARGE,1790477432258,0
29,14.73,NORMAL,1790477432367,0
30,36.77,NORMAL,1790477432474,0
31,0.50,FRAUD_SMALL,1790477432582,1
31,800.00,FRAUD_LARGE,1790477432894,1
32,0.50,FRAUD_SMALL,1790477433004,1
32,800.00,FRAUD_LARGE,1790477433312,1
33,8.58,NORMAL,1790477433427,0
33,10.52,NORMAL,1790477433481,0
33,8.10,NORMAL,1790477433544,0
33,9.17,NORMAL,1790477433603,0
33,8.46,NORMAL,1790477433672,0
33,9.11,NORMAL,1790477433726,0
33,9.37,NORMAL,1790477433789,0
33,9.47,NORMAL,1790477433850,0
33,9.33,NORMAL,1790477433912,0
33,9.18,NORMAL,1790477433977,0
33,200.00,FRAUD_DEVIATION,1790477434037,1
34,42.77,LATE_NORMAL,1790477432147,0
35,6.03,NORMAL,1790477434255,0
36,0.50,FRAUD_SMALL,1790477434363,1
36,800.00,FRAUD_LARGE,1790477434679,1
37,70.87,NORMAL,1790477434784,0
38,9.43,FRAUD_HIGHFREQ,1790477434894,1
38,10.91,FRAUD_HIGHFREQ,1790477434925,1
38,5.17,FRAUD_HIGHFREQ,1790477434956,1
38,7.08,FRAUD_HIGHFREQ,1790477435002,1
38,6.66,FRAUD_HIGHFREQ,1790477435034,1
38,12.20,FRAUD_HIGHFREQ,1790477435064,1
38,9.81,FRAUD_HIGHFREQ,1790477435095,1
38,14.75,FRAUD_HIGHFREQ,1790477435126,1
38,14.09,FRAUD_HIGHFREQ,1790477435157,1
38,8.54,FRAUD_HIGHFREQ,1790477435187,1
39,33.60,NORMAL,1790477435327,0
40,11.01,NORMAL,1790477435436,0
40,9.66,NORMAL,1790477435497,0
40,9.50,NORMAL,1790477435559,0
40,10.35,NORMAL,1790477435624,0
40,11.18,NORMAL,1790477435686,0
40,11.26,NORMAL,1790477435750,0
40,8.71,NORMAL,1790477435811,0
40,8.55,NORMAL,1790477435873,0
40,10.27,NORMAL,1790477435939,0
40,8.68,NORMAL,1790477435996,0
40,200.00,FRAUD_DEVIATION,1790477436058,1
41,0.50,FRAUD_SMALL,1790477436166,1
41,800.00,FRAUD_LARGE,1790477436478,1
42,0.40,FRAUD_R4_STEP1,1790477436589,1
42,0.60,FRAUD_R4_STEP2,1790477436791,1
42,900.00,FRAUD_R4_LARGE,1790477436996,1
43,34.66,NORMAL,1790477437106,0
44,0.50,FRAUD_SMALL,1790477437214,1
44,800.00,FRAUD_LARGE,1790477437526,1
45,0.50,NOISE_SMALL,1790477437635,0
45,800.00,NOISE_LARGE,1790477439144,0
46,0.40,FRAUD_R4_STEP1,1790477439251,1
46,0.60,FRAUD_R4_STEP2,1790477439451,1
46,900.00,FRAUD_R4_LARGE,1790477439653,1
47,21.87,LATE_NORMAL,1790477437763,0
48,68.37,NORMAL,1790477439870,0
49,61.14,NORMAL,1790477439976,0
50,46.50,NORMAL,1790477440083,0
51,0.40,FRAUD_R4_STEP1,1790477440192,1
51,0.60,FRAUD_R4_STEP2,1790477440438,1
51,900.00,FRAUD_R4_LARGE,1790477440733,1
52,76.19,NORMAL,1790477440852,0
53,50.65,NORMAL,1790477440958,0
54,9.42,NORMAL,1790477441062,0
54,10.20,NORMAL,1790477441128,0
54,9.17,NORMAL,1790477441184,0
54,9.25,NORMAL,1790477441245,0
54,8.88,NORMAL,1790477441308,0
54,10.67,NORMAL,1790477441373,0
54,10.94,NORMAL,1790477441432,0
54,8.61,NORMAL,1790477441492,0
54,11.41,NORMAL,1790477441555,0
54,11.78,NORMAL,1790477441639,0
54,200.00,FRAUD_DEVIATION,1790477441695,1
55,0.50,NOISE_SMALL,1790477441805,0
55,800.00,NOISE_LARGE,1790477443308,0
56,86.43,NORMAL,1790477443433,0
57,6.03,FRAUD_HIGHFREQ,1790477443543,1
57,14.21,FRAUD_HIGHFREQ,1790477443574,1
57,13.97,FRAUD_HIGHFREQ,1790477443610,1
57,11.60,FRAUD_HIGHFREQ,1790477443654,1
57,14.95,FRAUD_HIGHFREQ,1790477443687,1
57,6.03,FRAUD_HIGHFREQ,1790477443720,1
57,14.96,FRAUD_HIGHFREQ,1790477443763,1
57,11.75,FRAUD_HIGHFREQ,1790477443794,1
57,13.05,FRAUD_HIGHFREQ,1790477443824,1
57,13.38,FRAUD_HIGHFREQ,1790477443864,1
58,0.40,FRAUD_R4_STEP1,1790477444010,1
58,0.60,FRAUD_R4_STEP2,1790477444212,1
58,900.00,FRAUD_R4_LARGE,1790477444414,1
59,0.40,FRAUD_R4_STEP1,1790477444522,1
59,0.60,FRAUD_R4_STEP2,1790477444737,1
59,900.00,FRAUD_R4_LARGE,1790477444939,1
